sequence_index,word,layer
1,advance,高频
2,advanced,高频
3,agent,高频
4,actual,高频
5,react,高频
6,interact,高频
7,transaction,高频
8,ambiguous,高频
9,parallel,高频
10,alter,高频
11,alternative,高频
12,amateur,高频
13,ancient,高频
14,annual,高频
15,anxiety,高频
16,anxious,高频
17,adapt,高频
18,automation,高频
19,abandon,高频
20,debate,高频
21,battle,高频
22,bias,高频
23,combine,高频
24,brief,高频
25,cancer,高频
26,candidate,高频
27,capital,高频
28,carbon,高频
29,career,高频
30,carry,高频
31,forecast,高频
32,cautious,高频
33,perceive,高频
34,celebrity,高频
35,celebrate,高频
36,accelerate,高频
37,percentage,高频
38,centre,高频
39,central,高频
40,concentrate,高频
41,capacity,高频
42,escape,高频
43,participant,高频
44,capture,高频
45,capable,高频
46,accept,高频
47,exception,高频
48,exceptional,高频
49,certain,高频
50,procedure,高频
51,access,高频
52,necessary,高频
53,necessity,高频
54,recession,高频
55,chart,高频
56,chemical,高频
57,accident,高频
58,casual,高频
59,decide,高频
60,suicide,高频
61,council,高频
62,citizen,高频
63,cite,高频
64,civil,高频
65,civilization,高频
66,declare,高频
67,classical,高频
68,classify,高频
69,client,高频
70,decline,高频
71,conclusion,高频
72,conclude,高频
73,exclude,高频
74,contrary,高频
75,corporation,高频
76,account,高频
77,discover,高频
78,discovery,高频
79,recovery,高频
80,decrease,高频
81,creative,高频
82,creature,高频
83,criminal,高频
84,undermine,高频
85,humiliation,高频
86,critic,高频
87,criticize,高频
88,critical,高频
89,criticism,高频
90,crucial,高频
91,crude,高频
92,cultivate,高频
93,cure,高频
94,security,高频
95,accuracy,高频
96,occur,高频
97,current,高频
98,core,高频
99,discuss,高频
100,custom,高频
101,cycle,高频
102,debt,高频
103,decade,高频
104,damage,高频
105,democratic,高频
106,democracy,高频
107,epidemic,高频
108,indicate,高频
109,discipline,高频
110,condition,高频
111,dose,高频
112,diverse,高频
113,individual,高频
114,domestic,高频
115,dominate,高频
116,dominant,高频
117,introduce,高频
118,introduction,高频
119,conduct,高频
120,productive,高频
121,productivity,高频
122,reduction,高频
123,endure,高频
124,dynamic,高频
125,economics,高频
126,electricity,高频
127,electrical,高频
128,electronic,高频
129,equality,高频
130,estimate,高频
131,ethic,高频
132,inevitable,高频
133,extreme,高频
134,surface,高频
135,defence,高频
136,differ,高频
137,difference,高频
138,conference,高频
139,reference,高频
140,transfer,高频
141,infer,高频
142,preference,高频
143,suffer,高频
144,professional,高频
145,confidence,高频
146,financial,高频
147,confine,高频
148,define,高频
149,definition,高频
150,faculty,高频
151,sufficient,高频
152,efficient,高频
153,efficiency,高频
154,artificial,高频
155,qualification,高频
156,benefit,高频
157,profitable,高频
158,affect,高频
159,effective,高频
160,fiction,高频
161,inflation,高频
162,influential,高频
163,inform,高频
164,formation,高频
165,transform,高频
166,uniform,高频
167,comfort,高频
168,reinforce,高频
169,fortune,高频
170,unfortunately,高频
171,frequent,高频
172,confront,高频
173,fundamental,高频
174,genetic,高频
175,general,高频
176,generation,高频
177,generate,高频
178,govern,高频
179,government,高频
180,gradual,高频
181,progress,高频
182,aggressive,高频
183,degree,高频
184,congress,高频
185,inherent,高频
186,exhibit,高频
187,exhibition,高频
188,habitat,高频
189,historical,高频
190,historian,高频
191,identify,高频
192,identity,高频
193,imagine,高频
194,imagination,高频
195,imitate,高频
196,intelligent,高频
197,intelligence,高频
198,intellectual,高频
199,internal,高频
200,interior,高频
201,initial,高频
202,transition,高频
203,objective,高频
204,objection,高频
205,reject,高频
206,journalist,高频
207,jury,高频
208,justice,高频
209,adjust,高频
210,justify,高频
211,judgement,高频
212,prejudice,高频
213,laboratory,高频
214,collapse,高频
215,select,高频
216,selection,高频
217,neglect,高频
218,collection,高频
219,collective,高频
220,lecture,高频
221,liability,高频
222,religion,高频
223,religious,高频
224,legitimate,高频
225,illegal,高频
226,legislation,高频
227,liberal,高频
228,license,高频
229,limit,高频
230,limited,高频
231,eliminate,高频
232,literature,高频
233,literary,高频
234,locate,高频
235,logical,高频
236,reluctant,高频
237,pollution,高频
238,analyse,高频
239,analysis,高频
240,permanent,高频
241,maintain,高频
242,management,高频
243,majority,高频
244,demand,高频
245,remark,高频
246,remarkable,高频
247,master,高频
248,mechanism,高频
249,mechanical,高频
250,machinery,高频
251,medical,高频
252,immediate,高频
253,medicine,高频
254,comment,高频
255,mental,高频
256,commercial,高频
257,emerge,高频
258,immigrant,高频
259,military,高频
260,diminish,高频
261,administration,高频
262,admire,高频
263,admit,高频
264,commit,高频
265,compromise,高频
266,dismiss,高频
267,permission,高频
268,committee,高频
269,mission,高频
270,commission,高频
271,mode,高频
272,commodity,高频
273,monitor,高频
274,demonstrate,高频
275,promote,高频
276,motor,高频
277,remove,高频
278,amount,高频
279,prompt,高频
280,immune,高频
281,mysterious,高频
282,natural,高频
283,renaissance,高频
284,connection,高频
285,nervous,高频
286,normal,高频
287,enormous,高频
288,notice,高频
289,notion,高频
290,ignore,高频
291,announce,高频
292,innovation,高频
293,nuclear,高频
294,obesity,高频
295,obscure,高频
296,operate,高频
297,operation,高频
298,option,高频
299,adopt,高频
300,optimistic,高频
301,ordinary,高频
302,organize,高频
303,organization,高频
304,origin,高频
305,originate,高频
306,negotiate,高频
307,impact,高频
308,expand,高频
309,parliament,高频
310,particular,高频
311,partly,高频
312,counterpart,高频
313,departure,高频
314,proportion,高频
315,participate,高频
316,support,高频
317,import,高频
318,transport,高频
319,patient,高频
320,sympathy,高频
321,passion,高频
322,appeal,高频
323,impulse,高频
324,apparent,高频
325,separate,高频
326,comparison,高频
327,disappear,高频
328,appearance,高频
329,peculiar,高频
330,expense,高频
331,indispensable,高频
332,independent,高频
333,independence,高频
334,personality,高频
335,competition,高频
336,emphasize,高频
337,phenomenon,高频
338,photograph,高频
339,physics,高频
340,physical,高频
341,replace,高频
342,complaint,高频
343,planet,高频
344,explanation,高频
345,plant,高频
346,plastic,高频
347,multiple,高频
348,pleasant,高频
349,explosion,高频
350,employment,高频
351,apply,高频
352,imply,高频
353,complex,高频
354,application,高频
355,implication,高频
356,complicated,高频
357,political,高频
358,politics,高频
359,politician,高频
360,monopoly,高频
361,suppose,高频
362,impose,高频
363,expose,高频
364,exposure,高频
365,propose,高频
366,proposal,高频
367,position,高频
368,composition,高频
369,positive,高频
370,opposite,高频
371,possibility,高频
372,possess,高频
373,potential,高频
374,practical,高频
375,appreciate,高频
376,praise,高频
377,comprehension,高频
378,comprehensive,高频
379,expression,高频
380,suppress,高频
381,principle,高频
382,primary,高频
383,prior,高频
384,priority,高频
385,private,高频
386,privacy,高频
387,privilege,高频
388,deprive,高频
389,approach,高频
390,appropriate,高频
391,proper,高频
392,property,高频
393,approval,高频
394,psychology,高频
395,symptom,高频
396,publication,高频
397,republican,高频
398,pure,高频
399,quantity,高频
400,quarter,高频
401,require,高频
402,requirement,高频
403,request,高频
404,acquire,高频
405,enquiry,高频
406,acquisition,高频
407,quit,高频
408,radical,高频
409,range,高频
410,arrange,高频
411,reasonable,高频
412,rigid,高频
413,directly,高频
414,region,高频
415,regular,高频
416,regulate,高频
417,regulation,高频
418,render,高频
419,ritual,高频
420,derive,高频
421,satisfy,高频
422,satisfaction,高频
423,scale,高频
424,sceptical,高频
425,scholar,高频
426,conscious,高频
427,telescope,高频
428,description,高频
429,segment,高频
430,section,高频
431,assemble,高频
432,senior,高频
433,present,高频
434,presence,高频
435,represent,高频
436,representative,高频
437,sensitive,高频
438,pursue,高频
439,consequence,高频
440,consequently,高频
441,pursuit,高频
442,suitable,高频
443,series,高频
444,conservation,高频
445,conservative,高频
446,preserve,高频
447,reserve,高频
448,observe,高频
449,observation,高频
450,deserve,高频
451,severe,高频
452,considerable,高频
453,design,高频
454,significant,高频
455,significance,高频
456,assign,高频
457,associate,高频
458,association,高频
459,resolve,高频
460,solution,高频
461,philosophy,高频
462,philosopher,高频
463,absorb,高频
464,speculate,高频
465,prospect,高频
466,suspect,高频
467,perspective,高频
468,specific,高频
469,specialist,高频
470,desperate,高频
471,prosperity,高频
472,atmosphere,高频
473,response,高频
474,responsible,高频
475,sponsor,高频
476,spouse,高频
477,substance,高频
478,instance,高频
479,distance,高频
480,stable,高频
481,establish,高频
482,status,高频
483,statement,高频
484,station,高频
485,assist,高频
486,assistant,高频
487,consist,高频
488,circumstance,高频
489,contrast,高频
490,estate,高频
491,distinction,高频
492,distinguish,高频
493,stimulate,高频
494,constitute,高频
495,constitution,高频
496,institute,高频
497,restore,高频
498,storage,高频
499,restrict,高频
500,strain,高频
501,persuade,高频
502,consume,高频
503,consumption,高频
504,ensure,高频
505,insurance,高频
506,assure,高频
507,attach,高频
508,attack,高频
509,contact,高频
510,contain,高频
511,sustain,高频
512,content,高频
513,obtain,高频
514,retain,高频
515,technology,高频
516,technical,高频
517,technique,高频
518,detect,高频
519,architecture,高频
520,temperature,高频
521,temporary,高频
522,attempt,高频
523,tendency,高频
524,extend,高频
525,extent,高频
526,extension,高频
527,tension,高频
528,intense,高频
529,determine,高频
530,contest,高频
531,theatre,高频
532,theory,高频
533,entitle,高频
534,tolerate,高频
535,tolerant,高频
536,tolerance,高频
537,track,高频
538,trace,高频
539,trait,高频
540,attractive,高频
541,contribute,高频
542,contribution,高频
543,attribute,高频
544,triumph,高频
545,typical,高频
546,union,高频
547,unique,高频
548,urban,高频
549,urgent,高频
550,urge,高频
551,unusual,高频
552,valuable,高频
553,valid,高频
554,equivalent,高频
555,available,高频
556,vanish,高频
557,variety,高频
558,various,高频
559,variable,高频
560,reveal,高频
561,revenue,高频
562,convention,高频
563,convenient,高频
564,verbal,高频
565,universe,高频
566,universal,高频
567,version,高频
568,controversy,高频
569,reverse,高频
570,invest,高频
571,investment,高频
572,obvious,高频
573,victim,高频
574,evidence,高频
575,provision,高频
576,visual,高频
577,convince,高频
578,violate,高频
579,virtue,高频
580,survival,高频
581,vital,高频
582,advocate,高频
583,voluntary,高频
584,volunteer,高频
585,involve,高频
586,volume,高频
587,revolution,高频
588,vulnerable,高频
589,aware,高频
590,aircraft,高频
591,airline,高频
592,alongside,高频
593,background,高频
594,blueprint,高频
595,chairman,高频
596,database,高频
597,elsewhere,高频
598,feedback,高频
599,furthermore,高频
600,highlight,高频
601,household,高频
602,meanwhile,高频
603,moreover,高频
604,newspaper,高频
605,outcome,高频
606,outline,高频
607,output,高频
608,overall,高频
609,overlook,高频
610,ownership,高频
611,so-called,高频
612,software,高频
613,somewhat,高频
614,throughout,高频
615,underestimate,高频
616,undergraduate,高频
617,underline,高频
618,upset,高频
619,widespread,高频
620,withdraw,高频
621,worthwhile,高频
622,ability,高频
623,abroad,高频
624,absence,高频
625,abuse,高频
626,academic,高频
627,accomplish,高频
628,acknowledge,高频
629,activity,高频
630,addition,高频
631,address,高频
632,advantage,高频
633,affair,高频
634,afford,高频
635,afraid,高频
636,agency,高频
637,ahead,高频
638,alike,高频
639,ambition,高频
640,ancestor,高频
641,anticipate,高频
642,appoint,高频
643,argument,高频
644,arise,高频
645,arouse,高频
646,aside,高频
647,aspect,高频
648,assess,高频
649,asset,高频
650,assume,高频
651,assumption,高频
652,attend,高频
653,authority,高频
654,award,高频
655,barely,高频
656,bear,高频
657,behalf,高频
658,behave,高频
659,beneath,高频
660,blame,高频
661,blank,高频
662,block,高频
663,boom,高频
664,boost,高频
665,bound,高频
666,bracket,高频
667,branch,高频
668,brand,高频
669,bright,高频
670,broad,高频
671,budget,高频
672,burden,高频
673,calm,高频
674,campaign,高频
675,cancel,高频
676,careful,高频
677,category,高频
678,ceremony,高频
679,chain,高频
680,challenge,高频
681,chance,高频
682,channel,高频
683,character,高频
684,characterize,高频
685,characteristic,高频
686,charge,高频
687,check,高频
688,cigarette,高频
689,circuit,高频
690,claim,高频
691,colleague,高频
692,column,高频
693,command,高频
694,competitive,高频
695,constant,高频
696,context,高频
697,continent,高频
698,convey,高频
699,cope,高频
700,corporate,高频
701,court,高频
702,craft,高频
703,credit,高频
704,crop,高频
705,curb,高频
706,danger,高频
707,dangerous,高频
708,dark,高频
709,deal,高频
710,decision,高频
711,delay,高频
712,delight,高频
713,deliver,高频
714,delivery,高频
715,dependent,高频
716,desirable,高频
717,despite,高频
718,destroy,高频
719,digital,高频
720,dioxide,高频
721,disorder,高频
722,display,高频
723,dispute,高频
724,distant,高频
725,district,高频
726,divorce,高频
727,double,高频
728,doubt,高频
729,dozen,高频
730,draft,高频
731,dramatic,高频
732,earn,高频
733,ease,高频
734,elite,高频
735,embrace,高频
736,embryo,高频
737,emphasis,高频
738,empty,高频
739,endeavour,高频
740,engage,高频
741,engineer,高频
742,enhance,高频
743,enterprise,高频
744,entertainment,高频
745,entire,高频
746,entrepreneur,高频
747,equipment,高频
748,evolve,高频
749,evolution,高频
750,examine,高频
751,examination,高频
752,excessive,高频
753,exchange,高频
754,executive,高频
755,exist,高频
756,existence,高频
757,expect,高频
758,expectation,高频
759,external,高频
760,fade,高频
761,fairly,高频
762,feature,高频
763,federal,高频
764,finance,高频
765,finding,高频
766,former,高频
767,forth,高频
768,foundation,高频
769,fulfill,高频
770,generous,高频
771,genius,高频
772,grant,高频
773,grasp,高频
774,guarantee,高频
775,guard,高频
776,guide,高频
777,guilt,高频
778,guilty,高频
779,handle,高频
780,highly,高频
781,horizon,高频
782,hormone,高频
783,humanity,高频
784,ideal,高频
785,illustrate,高频
786,impression,高频
787,incentive,高频
788,incident,高频
789,increasingly,高频
790,indeed,高频
791,industrial,高频
792,infant,高频
793,infrastructure,高频
794,initiative,高频
795,injury,高频
796,insist,高频
797,inspire,高频
798,instinct,高频
799,institution,高频
800,intend,高频
801,intention,高频
802,interpret,高频
803,interview,高频
804,kingdom,高频
805,landscape,高频
806,leadership,高频
807,leading,高频
808,lean,高频
809,likewise,高频
810,link,高频
811,lobby,高频
812,manage,高频
813,manager,高频
814,mass,高频
815,massive,高频
816,mere,高频
817,merely,高频
818,minister,高频
819,mostly,高频
820,motivate,高频
821,museum,高频
822,negative,高频
823,nevertheless,高频
824,occupation,高频
825,odd,高频
826,offer,高频
827,officer,高频
828,official,高频
829,opening,高频
830,opponent,高频
831,opportunity,高频
832,oppose,高频
833,original,高频
834,painting,高频
835,panel,高频
836,patent,高频
837,patience,高频
838,payment,高频
839,peak,高频
840,peer,高频
841,perform,高频
842,performance,高频
843,permit,高频
844,physician,高频
845,plate,高频
846,poetry,高频
847,poll,高频
848,pose,高频
849,pour,高频
850,poverty,高频
851,premium,高频
852,previous,高频
853,pride,高频
854,print,高频
855,produce,高频
856,production,高频
857,profession,高频
858,profound,高频
859,purchase,高频
860,quota,高频
861,quote,高频
862,random,高频
863,rare,高频
864,recall,高频
865,recognize,高频
866,recognition,高频
867,recommend,高频
868,recruit,高频
869,refer,高频
870,reflect,高频
871,reform,高频
872,refuse,高频
873,regard,高频
874,regardless,高频
875,register,高频
876,regret,高频
877,relate,高频
878,relative,高频
879,release,高频
880,relevant,高频
881,reliable,高频
882,relief,高频
883,relieve,高频
884,reputation,高频
885,resource,高频
886,respond,高频
887,retail,高频
888,review,高频
889,reward,高频
890,rival,高频
891,routine,高频
892,royal,高频
893,rural,高频
894,sample,高频
895,satellite,高频
896,schedule,高频
897,scheme,高频
898,score,高频
899,secret,高频
900,secretary,高频
901,sector,高频
902,secure,高频
903,seldom,高频
904,sequence,高频
905,setting,高频
906,settle,高频
907,settlement,高频
908,sharp,高频
909,shelter,高频
910,shortage,高频
911,sign,高频
912,signal,高频
913,simple,高频
914,simply,高频
915,situation,高频
916,skilled,高频
917,sort,高频
918,species,高频
919,spirit,高频
920,spot,高频
921,staff,高频
922,stage,高频
923,statistics,高频
924,steady,高频
925,stem,高频
926,stick,高频
927,stock,高频
928,strategy,高频
929,strength,高频
930,strengthen,高频
931,strike,高频
932,stuff,高频
933,substantial,高频
934,subtle,高频
935,suit,高频
936,sum,高频
937,supply,高频
938,supreme,高频
939,surround,高频
940,survive,高频
941,switch,高频
942,systematic,高频
943,thin,高频
944,threat,高频
945,threaten,高频
946,thus,高频
947,tobacco,高频
948,tough,高频
949,translate,高频
950,translation,高频
951,trend,高频
952,trial,高频
953,tunnel,高频
954,understanding,高频
955,unemployment,高频
956,unexpected,高频
957,unlike,高频
958,unlikely,高频
959,vary,高频
960,vast,高频
961,vehicle,高频
962,virtual,高频
963,vision,高频
964,vitamin,高频
965,weigh,高频
966,weight,高频
967,wipe,高频
968,wisdom,高频
969,witness,高频
970,wonder,高频
971,worthy,高频
972,yield,高频
973,abolish,中频
974,agenda,中频
975,exact,中频
976,activate,中频
977,alcohol,中频
978,alien,中频
979,ambitious,中频
980,monarch,中频
981,alarm,中频
982,astronomy,中频
983,disaster,中频
984,auction,中频
985,combat,中频
986,combination,中频
987,biology,中频
988,embody,中频
989,symbol,中频
990,bonus,中频
991,neighborhood,中频
992,border,中频
993,calculate,中频
994,camp,中频
995,canal,中频
996,captive,中频
997,conception,中频
998,conceive,中频
999,recipient,中频
1000,occasion,中频
1001,cast,中频
1002,caution,中频
1003,conceal,中频
1004,proceed,中频
1005,exceed,中频
1006,excess,中频
1007,predecessor,中频
1008,succession,中频
1009,precede,中频
1010,cease,中频
1011,excel,中频
1012,census,中频
1013,charter,中频
1014,chemist,中频
1015,chemistry,中频
1016,chronic,中频
1017,exciting,中频
1018,clarity,中频
1019,classification,中频
1020,disclose,中频
1021,exclusive,中频
1022,coast,中频
1023,agriculture,中频
1024,colony,中频
1025,cosmic,中频
1026,encounter,中频
1027,discourage,中频
1028,accordingly,中频
1029,recover,中频
1030,incredible,中频
1031,concrete,中频
1032,occupy,中频
1033,accurate,中频
1034,curious,中频
1035,currency,中频
1036,curriculum,中频
1037,dense,中频
1038,density,中频
1039,dedicate,中频
1040,contradict,中频
1041,dictate,中频
1042,verdict,中频
1043,mandate,中频
1044,edition,中频
1045,division,中频
1046,document,中频
1047,doctrine,中频
1048,paradox,中频
1049,drastic,中频
1050,deduce,中频
1051,reproduce,中频
1052,conductor,中频
1053,durable,中频
1054,duration,中频
1055,electric,中频
1056,adequate,中频
1057,energetic,中频
1058,possession,中频
1059,fame,中频
1060,welfare,中频
1061,fare,中频
1062,fatal,中频
1063,default,中频
1064,favorable,中频
1065,beneficial,中频
1066,magnificent,中频
1067,sacrifice,中频
1068,satisfactory,中频
1069,artefact,中频
1070,defeat,中频
1071,facilitate,中频
1072,federation,中频
1073,defend,中频
1074,manifest,中频
1075,interfere,中频
1076,interference,中频
1077,inference,中频
1078,indifferent,中频
1079,differentiate,中频
1080,preferable,中频
1081,fibre,中频
1082,confident,中频
1083,fierce,中频
1084,file,中频
1085,definite,中频
1086,confirm,中频
1087,reflection,中频
1088,flourish,中频
1089,fluid,中频
1090,formulate,中频
1091,fossil,中频
1092,fragment,中频
1093,fraction,中频
1094,confuse,中频
1095,confusion,中频
1096,diffuse,中频
1097,garment,中频
1098,geology,中频
1099,exaggerate,中频
1100,gigantic,中频
1101,cognitive,中频
1102,ignorant,中频
1103,grain,中频
1104,grateful,中频
1105,aggravate,中频
1106,gravity,中频
1107,ingredient,中频
1108,progressive,中频
1109,gross,中频
1110,inhabit,中频
1111,inhabitant,中频
1112,exhaust,中频
1113,coherent,中频
1114,hesitate,中频
1115,hostile,中频
1116,hospitality,中频
1117,humble,中频
1118,hygiene,中频
1119,ideology,中频
1120,imaginative,中频
1121,inferior,中频
1122,insect,中频
1123,integrate,中频
1124,integrity,中频
1125,jet,中频
1126,inject,中频
1127,joint,中频
1128,juvenile,中频
1129,elaborate,中频
1130,enlarge,中频
1131,legacy,中频
1132,elegant,中频
1133,dilemma,中频
1134,lever,中频
1135,liable,中频
1136,reliance,中频
1137,alliance,中频
1138,liberate,中频
1139,delicate,中频
1140,oblige,中频
1141,limitation,中频
1142,literally,中频
1143,literacy,中频
1144,location,中频
1145,apologize,中频
1146,catalogue,中频
1147,prolong,中频
1148,illusion,中频
1149,luxury,中频
1150,margin,中频
1151,mechanic,中频
1152,dimension,中频
1153,commerce,中频
1154,merit,中频
1155,prominent,中频
1156,minimum,中频
1157,minimize,中频
1158,misery,中频
1159,miserable,中频
1160,promising,中频
1161,transmit,中频
1162,submit,中频
1163,admission,中频
1164,mixture,中频
1165,moderate,中频
1166,modify,中频
1167,motive,中频
1168,remote,中频
1169,mount,中频
1170,multitude,中频
1171,commute,中频
1172,mutual,中频
1173,mystery,中频
1174,navy,中频
1175,innocent,中频
1176,numerical,中频
1177,nurture,中频
1178,nutrition,中频
1179,petrol,中频
1180,adolescent,中频
1181,cooperate,中频
1182,operator,中频
1183,opt,中频
1184,orbit,中频
1185,orchestra,中频
1186,organic,中频
1187,accompany,中频
1188,companion,中频
1189,expansion,中频
1190,comparable,中频
1191,comparative,中频
1192,preparation,中频
1193,apartment,中频
1194,depart,中频
1195,partial,中频
1196,portion,中频
1197,passive,中频
1198,sympathetic,中频
1199,compel,中频
1200,propel,中频
1201,penalty,中频
1202,compensate,中频
1203,pension,中频
1204,suspend,中频
1205,personnel,中频
1206,pessimistic,中频
1207,phase,中频
1208,depict,中频
1209,paint,中频
1210,pile,中频
1211,simplify,中频
1212,implicit,中频
1213,implement,中频
1214,surplus,中频
1215,appointment,中频
1216,metropolitan,中频
1217,component,中频
1218,compose,中频
1219,compound,中频
1220,predator,中频
1221,comprise,中频
1222,comprehend,中频
1223,premier,中频
1224,principal,中频
1225,prime,中频
1226,primitive,中频
1227,approve,中频
1228,proof,中频
1229,acquaintance,中频
1230,qualify,中频
1231,quest,中频
1232,rage,中频
1233,ray,中频
1234,realistic,中频
1235,thrive,中频
1236,enrol,中频
1237,romantic,中频
1238,corrupt,中频
1239,interrupt,中频
1240,sanction,中频
1241,conscience,中频
1242,scope,中频
1243,scrutiny,中频
1244,resemble,中频
1245,senate,中频
1246,senator,中频
1247,nonsense,中频
1248,consensus,中频
1249,sensible,中频
1250,sentiment,中频
1251,consent,中频
1252,presently,中频
1253,subsequent,中频
1254,prosecute,中频
1255,assert,中频
1256,servant,中频
1257,resident,中频
1258,session,中频
1259,insight,中频
1260,assignment,中频
1261,stability,中频
1262,instant,中频
1263,obstacle,中频
1264,resist,中频
1265,resistance,中频
1266,resistant,中频
1267,assistance,中频
1268,persist,中频
1269,substitute,中频
1270,sociable,中频
1271,sole,中频
1272,solid,中频
1273,consolidate,中频
1274,dissolve,中频
1275,absolute,中频
1276,resort,中频
1277,spacious,中频
1278,span,中频
1279,hemisphere,中频
1280,correspond,中频
1281,spy,中频
1282,suspicion,中频
1283,suspicious,中频
1284,inspect,中频
1285,specify,中频
1286,stern,中频
1287,constituent,中频
1288,statute,中频
1289,restraint,中频
1290,constrain,中频
1291,string,中频
1292,instrument,中频
1293,construct,中频
1294,instruct,中频
1295,instruction,中频
1296,summarize,中频
1297,superior,中频
1298,superiority,中频
1299,maintenance,中频
1300,continuous,中频
1301,attain,中频
1302,architect,中频
1303,temper,中频
1304,contemporary,中频
1305,tempt,中频
1306,contempt,中频
1307,contend,中频
1308,intensity,中频
1309,extensive,中频
1310,territory,中频
1311,protest,中频
1312,textile,中频
1313,thesis,中频
1314,tone,中频
1315,distort,中频
1316,trail,中频
1317,portray,中频
1318,retreat,中频
1319,extract,中频
1320,distract,中频
1321,abstract,中频
1322,tragedy,中频
1323,intuition,中频
1324,tuition,中频
1325,disturb,中频
1326,ultimate,中频
1327,abundant,中频
1328,suburb,中频
1329,utilize,中频
1330,vaccine,中频
1331,evade,中频
1332,vague,中频
1333,vain,中频
1334,evaluate,中频
1335,variation,中频
1336,intervene,中频
1337,convenience,中频
1338,venture,中频
1339,verify,中频
1340,controversial,中频
1341,convert,中频
1342,advertise,中频
1343,investigate,中频
1344,conviction,中频
1345,violence,中频
1346,visa,中频
1347,supervise,中频
1348,revise,中频
1349,visible,中频
1350,invisible,中频
1351,advisable,中频
1352,revive,中频
1353,vivid,中频
1354,provoke,中频
1355,revolve,中频
1356,devote,中频
1357,censorship,中频
1358,countryside,中频
1359,deadline,中频
1360,framework,中频
1361,greenhouse,中频
1362,guideline,中频
1363,hardship,中频
1364,headline,中频
1365,housework,中频
1366,lawsuit,中频
1367,lifetime,中频
1368,mankind,中频
1369,membership,中频
1370,nowhere,中频
1371,outlet,中频
1372,outlook,中频
1373,overcome,中频
1374,overseas,中频
1375,overturn,中频
1376,platform,中频
1377,setback,中频
1378,somehow,中频
1379,somewhere,中频
1380,straightforward,中频
1381,undergo,中频
1382,underground,中频
1383,underlie,中频
1384,undertake,中频
1385,upgrade,中频
1386,academy,中频
1387,acceptance,中频
1388,acre,中频
1389,afterwards,中频
1390,alert,中频
1391,alive,中频
1392,allowance,中频
1393,alphabet,中频
1394,altogether,中频
1395,apparatus,中频
1396,array,中频
1397,automatic,中频
1398,automobile,中频
1399,await,中频
1400,awkward,中频
1401,bachelor,中频
1402,backward,中频
1403,bargain,中频
1404,battery,中频
1405,beam,中频
1406,betray,中频
1407,bid,中频
1408,blow,中频
1409,bold,中频
1410,bother,中频
1411,breath,中频
1412,breathe,中频
1413,brush,中频
1414,bulk,中频
1415,cater,中频
1416,chamber,中频
1417,chancellor,中频
1418,cheat,中频
1419,cheque,中频
1420,Christmas,中频
1421,clone,中频
1422,clue,中频
1423,coach,中频
1424,comply,中频
1425,correlate,中频
1426,courtesy,中频
1427,coward,中频
1428,crack,中频
1429,crash,中频
1430,crowd,中频
1431,cruel,中频
1432,cucumber,中频
1433,cue,中频
1434,cunning,中频
1435,dare,中频
1436,dean,中频
1437,decay,中频
1438,decorate,中频
1439,deem,中频
1440,deploy,中频
1441,desert,中频
1442,diligent,中频
1443,discard,中频
1444,dislike,中频
1445,doom,中频
1446,drama,中频
1447,drought,中频
1448,eager,中频
1449,edge,中频
1450,elementary,中频
1451,engagement,中频
1452,engineering,中频
1453,entail,中频
1454,enthusiasm,中频
1455,enthusiastic,中频
1456,equip,中频
1457,excitement,中频
1458,exert,中频
1459,fake,中频
1460,fantastic,中频
1461,fellow,中频
1462,fetch,中频
1463,flash,中频
1464,flaw,中频
1465,float,中频
1466,foresee,中频
1467,foster,中频
1468,frame,中频
1469,frank,中频
1470,furnace,中频
1471,furnish,中频
1472,gaze,中频
1473,genuine,中频
1474,glance,中频
1475,glimpse,中频
1476,grin,中频
1477,guidance,中频
1478,hail,中频
1479,harbour,中频
1480,harsh,中频
1481,harvest,中频
1482,heaven,中频
1483,helmet,中频
1484,heroin,中频
1485,hinder,中频
1486,hint,中频
1487,hitherto,中频
1488,holder,中频
1489,illness,中频
1490,incidentally,中频
1491,index,中频
1492,initiate,中频
1493,inner,中频
1494,keen,中频
1495,ladder,中频
1496,lane,中频
1497,laser,中频
1498,layer,中频
1499,lest,中频
1500,limb,中频
1501,loan,中频
1502,loom,中频
1503,loyal,中频
1504,luggage,中频
1505,lure,中频
1506,mathematics,中频
1507,mathematical,中频
1508,mayor,中频
1509,medal,中频
1510,medium,中频
1511,melt,中频
1512,metal,中频
1513,mild,中频
1514,mineral,中频
1515,minor,中频
1516,mislead,中频
1517,mock,中频
1518,molecule,中频
1519,momentum,中频
1520,monetary,中频
1521,myth,中频
1522,nasty,中频
1523,neighbour,中频
1524,noble,中频
1525,nonetheless,中频
1526,offspring,中频
1527,outer,中频
1528,oxygen,中频
1529,pause,中频
1530,pearl,中频
1531,pilgrim,中频
1532,pioneer,中频
1533,pipe,中频
1534,plain,中频
1535,pledge,中频
1536,poisonous,中频
1537,proud,中频
1538,provided,中频
1539,prudent,中频
1540,puzzle,中频
1541,raw,中频
1542,readily,中频
1543,reap,中频
1544,rear,中频
1545,reckon,中频
1546,regarding,中频
1547,rescue,中频
1548,rob,中频
1549,rocket,中频
1550,rough,中频
1551,rubber,中频
1552,saving,中频
1553,scarcely,中频
1554,sculpture,中频
1555,shrink,中频
1556,shuttle,中频
1557,sketch,中频
1558,skip,中频
1559,slice,中频
1560,slight,中频
1561,smooth,中频
1562,snap,中频
1563,spare,中频
1564,spark,中频
1565,spite,中频
1566,split,中频
1567,spoil,中频
1568,spring,中频
1569,square,中频
1570,squeeze,中频
1571,stadium,中频
1572,stake,中频
1573,stereotype,中频
1574,stove,中频
1575,stream,中频
1576,stretch,中频
1577,supplement,中频
1578,surgery,中频
1579,surname,中频
1580,surroundings,中频
1581,sweep,中频
1582,swing,中频
1583,tackle,中频
1584,tactic,中频
1585,tap,中频
1586,tear,中频
1587,theme,中频
1588,thereby,中频
1589,threshold,中频
1590,tide,中频
1591,tidy,中频
1592,tight,中频
1593,tiny,中频
1594,token,中频
1595,trigger,中频
1596,twist,中频
1597,underlying,中频
1598,undoubtedly,中频
1599,unity,中频
1600,valley,中频
1601,vessel,中频
1602,vice,中频
1603,warrant,中频
1604,wheel,中频
1605,wholly,中频
1606,youngster,中频
1607,youth,中频
1608,acute,低频
1609,agony,低频
1610,altitude,低频
1611,aluminium,低频
1612,angle,低频
1613,arbitrary,低频
1614,artistic,低频
1615,augment,低频
1616,authentic,低频
1617,rebel,低频
1618,bond,低频
1619,captain,低频
1620,carrier,低频
1621,precaution,低频
1622,reception,低频
1623,susceptible,低频
1624,receipt,低频
1625,excellent,低频
1626,discern,低频
1627,certainty,低频
1628,certificate,低频
1629,preceding,低频
1630,concession,低频
1631,precision,低频
1632,decisive,低频
1633,concise,低频
1634,proclaim,低频
1635,declaration,低频
1636,inclusive,低频
1637,coalition,低频
1638,colonial,低频
1639,comic,低频
1640,consultant,低频
1641,incorporate,低频
1642,counter,低频
1643,recreation,低频
1644,discriminate,低频
1645,accumulate,低频
1646,incur,低频
1647,recur,低频
1648,occurrence,低频
1649,corridor,低频
1650,discourse,低频
1651,curve,低频
1652,decent,低频
1653,condemn,低频
1654,demographic,低频
1655,condense,低频
1656,dental,低频
1657,dentist,低频
1658,deteriorate,低频
1659,indication,低频
1660,indicative,低频
1661,dignity,低频
1662,indignation,低频
1663,dividend,低频
1664,domain,低频
1665,donate,低频
1666,anecdote,低频
1667,induce,低频
1668,endurance,低频
1669,ecology,低频
1670,exemplify,低频
1671,exempt,低频
1672,equation,低频
1673,essence,低频
1674,interface,低频
1675,preface,低频
1676,fatigue,低频
1677,confer,低频
1678,fertile,低频
1679,fertilizer,低频
1680,confess,低频
1681,deficiency,低频
1682,superficial,低频
1683,proficiency,低频
1684,feasible,低频
1685,confidential,低频
1686,profile,低频
1687,finite,低频
1688,infinite,低频
1689,affirm,低频
1690,fiscal,低频
1691,flexible,低频
1692,superfluous,低频
1693,fluctuate,低频
1694,enforce,低频
1695,conform,低频
1696,format,低频
1697,fortunate,低频
1698,fragile,低频
1699,frequency,低频
1700,frontier,低频
1701,refute,低频
1702,geography,低频
1703,pregnant,低频
1704,hydrogen,低频
1705,genre,低频
1706,grand,低频
1707,grave,低频
1708,agreeable,低频
1709,gratitude,低频
1710,harmony,低频
1711,adhere,低频
1712,heritage,低频
1713,inherit,低频
1714,prohibit,低频
1715,historic,低频
1716,identical,低频
1717,imaginary,低频
1718,imitation,低频
1719,imperative,低频
1720,irony,低频
1721,isolate,低频
1722,peninsula,低频
1723,exit,低频
1724,adjective,低频
1725,conjunction,低频
1726,jurisdiction,低频
1727,collaborate,低频
1728,lateral,低频
1729,delete,低频
1730,deliberate,低频
1731,liberty,低频
1732,eligible,低频
1733,obligation,低频
1734,align,低频
1735,preliminary,低频
1736,linguistic,低频
1737,illiterate,低频
1738,analogy,低频
1739,apology,低频
1740,logic,低频
1741,lottery,低频
1742,lucrative,低频
1743,paralyse,低频
1744,analytical,低频
1745,magnitude,低频
1746,manipulate,低频
1747,manufacture,低频
1748,marginal,低频
1749,marine,低频
1750,masculine,低频
1751,mature,低频
1752,maximum,低频
1753,remedy,低频
1754,mend,低频
1755,immerse,低频
1756,immense,低频
1757,geometry,低频
1758,emigrate,低频
1759,screening,低频
1760,rest on,低频
1761,omit,低频
1762,premise,低频
1763,emit,低频
1764,accommodation,低频
1765,modernization,低频
1766,naive,低频
1767,narrative,低频
1768,negligible,低频
1769,neutral,低频
1770,denote,低频
1771,novelty,低频
1772,numerous,低频
1773,petroleum,低频
1774,anonymous,低频
1775,cooperative,低频
1776,operational,低频
1777,subordinate,低频
1778,coordinate,低频
1779,extraordinary,低频
1780,orderly,低频
1781,ornament,低频
1782,transparent,低频
1783,particle,低频
1784,impatient,低频
1785,surpass,低频
1786,repel,低频
1787,compulsory,低频
1788,expenditure,低频
1789,appetite,低频
1790,competent,低频
1791,perpetual,低频
1792,pit,低频
1793,symphony,低频
1794,physicist,低频
1795,compile,低频
1796,empirical,低频
1797,plague,低频
1798,transplant,低频
1799,plausible,低频
1800,appliance,低频
1801,duplicate,低频
1802,compliment,低频
1803,plentiful,低频
1804,applicable,低频
1805,explode,低频
1806,polish,低频
1807,postpone,低频
1808,posture,低频
1809,disposal,低频
1810,disposition,低频
1811,proposition,低频
1812,practitioner,低频
1813,compress,低频
1814,impress,低频
1815,impressive,低频
1816,probe,低频
1817,probability,低频
1818,prone,低频
1819,purify,低频
1820,quantitative,低频
1821,conquer,低频
1822,query,低频
1823,erase,低频
1824,rational,低频
1825,erect,低频
1826,regime,低频
1827,arrest,低频
1828,rhetoric,低频
1829,rhythm,低频
1830,rotate,低频
1831,abrupt,低频
1832,erupt,低频
1833,sacred,低频
1834,scenery,低频
1835,descendant,低频
1836,microscope,低频
1837,prescribe,低频
1838,subscribe,低频
1839,manuscript,低频
1840,prescription,低频
1841,inability,低频
1842,biased,低频
1843,devoted,低频
1844,recording,低频
1845,secondary,低频
1846,assembly,低频
1847,assimilate,低频
1848,resent,低频
1849,reservation,低频
1850,considerate,低频
1851,preside,低频
1852,obsession,低频
1853,designate,低频
1854,signature,低频
1855,silicon,低频
1856,singular,低频
1857,consistent,低频
1858,skim,低频
1859,resolution,低频
1860,sophisticated,低频
1861,spectrum,低频
1862,conspicuous,低频
1863,spectator,低频
1864,specialize,低频
1865,spiritual,低频
1866,inspiration,低频
1867,spontaneous,低频
1868,correspondent,低频
1869,correspondence,低频
1870,destination,低频
1871,stationary,低频
1872,superstition,低频
1873,distinct,低频
1874,destruction,低频
1875,destructive,低频
1876,studio,低频
1877,persuasion,低频
1878,resume,低频
1879,insure,低频
1880,assurance,低频
1881,absurd,低频
1882,detach,低频
1883,tangible,低频
1884,technician,低频
1885,detector,低频
1886,tedious,低频
1887,contemplate,低频
1888,pretend,低频
1889,tense,低频
1890,tentative,低频
1891,terminate,低频
1892,therapy,低频
1893,synthetic,低频
1894,continual,低频
1895,toxic,低频
1896,tractor,低频
1897,distribute,低频
1898,intricate,低频
1899,tune,低频
1900,turbulent,低频
1901,abound,低频
1902,vacant,低频
1903,vacuum,低频
1904,extravagant,低频
1905,prevail,低频
1906,invalid,低频
1907,prevalent,低频
1908,revelation,低频
1909,velocity,低频
1910,avenue,低频
1911,converge,低频
1912,invert,低频
1913,divert,低频
1914,diversion,低频
1915,conversely,低频
1916,evident,低频
1917,violent,低频
1918,virgin,低频
1919,subway,低频
1920,voyage,低频
1921,breakdown,低频
1922,bypass,低频
1923,commonwealth,低频
1924,cyberspace,低频
1925,drawback,低频
1926,eyebrow,低频
1927,foremost,低频
1928,forthcoming,低频
1929,headquarters,低频
1930,masterpiece,低频
1931,meantime,低频
1932,nearby,低频
1933,nightmare,低频
1934,outbreak,低频
1935,outdoor,低频
1936,outrage,低频
1937,outset,低频
1938,overhead,低频
1939,roundabout,低频
1940,safeguard,低频
1941,shortcoming,低频
1942,shorthand,低频
1943,sometime,低频
1944,spacecraft,低频
1945,update,低频
1946,upright,低频
1947,upstairs,低频
1948,viewpoint,低频
1949,warehouse,低频
1950,withhold,低频
1951,abide,低频
1952,aboard,低频
1953,acclaim,低频
1954,accommodate,低频
1955,accuse,低频
1956,administer,低频
1957,algorithm,低频
1958,amid,低频
1959,anchor,低频
1960,annoy,低频
1961,appendix,低频
1962,assault,低频
1963,attorney,低频
1964,bare,低频
1965,barn,低频
1966,barrel,低频
1967,bay,低频
1968,beard,低频
1969,bend,低频
1970,bible,低频
1971,bind,低频
1972,bitter,低频
1973,bizarre,低频
1974,bleak,低频
1975,blunder,低频
1976,blur,低频
1977,boast,低频
1978,bore,低频
1979,boycott,低频
1980,brake,低频
1981,breast,低频
1982,bridge,低频
1983,broker,低频
1984,bubble,低频
1985,bulb,低频
1986,bunch,低频
1987,bureau,低频
1988,bureaucracy,低频
1989,burst,低频
1990,butcher,低频
1991,cabin,低频
1992,cable,低频
1993,calendar,低频
1994,calorie,低频
1995,canteen,低频
1996,carpet,低频
1997,carve,低频
1998,castle,低频
1999,Catholic,低频
2000,cement,低频
2001,chaos,低频
2002,chapter,低频
2003,charity,低频
2004,chase,低频
2005,cheer,低频
2006,chimney,低频
2007,chip,低频
2008,chop,低频
2009,Christian,低频
2010,chunk,低频
2011,clerk,低频
2012,cliff,低频
2013,cling,低频
2014,cocaine,低频
2015,coil,低频
2016,copper,低频
2017,cosy,低频
2018,counsel,低频
2019,county,低频
2020,crawl,低频
2021,cream,低频
2022,creep,低频
2023,cricket,低频
2024,cripple,低频
2025,crisp,低频
2026,crown,低频
2027,dash,低频
2028,dawn,低频
2029,deadly,低频
2030,dealer,低频
2031,defer,低频
2032,despair,低频
2033,despise,低频
2034,destiny,低频
2035,devise,低频
2036,diamond,低频
2037,disable,低频
2038,disappoint,低频
2039,discharge,低频
2040,disguise,低频
2041,ditch,低频
2042,dome,低频
2043,drag,低频
2044,drain,低频
2045,drift,低频
2046,dwelling,低频
2047,earnest,低频
2048,editorial,低频
2049,emergency,低频
2050,empire,低频
2051,enrich,低频
2052,entertain,低频
2053,entrance,低频
2054,epic,低频
2055,episode,低频
2056,epoch,低频
2057,esteem,低频
2058,explicit,低频
2059,exploit,低频
2060,extinguish,低频
2061,fabric,低频
2062,faint,低频
2063,faithful,低频
2064,fancy,低频
2065,fashionable,低频
2066,faulty,低频
2067,feeble,低频
2068,filter,低频
2069,foam,低频
2070,forge,低频
2071,formula,低频
2072,forum,低频
2073,frighten,低频
2074,frown,低频
2075,fruitful,低频
2076,gamble,低频
2077,gasoline,低频
2078,gear,低频
2079,gesture,低频
2080,gloomy,低频
2081,grab,低频
2082,grace,低频
2083,grip,低频
2084,gut,低频
2085,hamper,低频
2086,handful,低频
2087,haste,低频
2088,hasty,低频
2089,hatred,低频
2090,hazard,低频
2091,heal,低频
2092,heighten,低频
2093,herd,低频
2094,heroic,低频
2095,hijack,低频
2096,hip,低频
2097,holy,低频
2098,hook,低频
2099,humorous,低频
2100,impair,低频
2101,incidence,低频
2102,indulge,低频
2103,inertia,低频
2104,input,低频
2105,instalment,低频
2106,intimate,低频
2107,intrinsic,低频
2108,junior,低频
2109,kindness,低频
2110,kit,低频
2111,knot,低频
2112,latitude,低频
2113,laundry,低频
2114,leap,低频
2115,levy,低频
2116,likelihood,低频
2117,linger,低频
2118,load,低频
2119,log,低频
2120,loosen,低频
2121,lounge,低频
2122,loyalty,低频
2123,lumber,低频
2124,lump,低频
2125,marathon,低频
2126,march,低频
2127,mask,低频
2128,medieval,低频
2129,menace,低频
2130,mercury,低频
2131,mercy,低频
2132,mill,低频
2133,monster,低频
2134,mortgage,低频
2135,mould,低频
2136,municipal,低频
2137,murder,低频
2138,necklace,低频
2139,nickname,低频
2140,nitrogen,低频
2141,obedient,低频
2142,obey,低频
2143,odds,低频
2144,organism,低频
2145,overlap,低频
2146,palace,低频
2147,panic,低频
2148,parachute,低频
2149,paradise,低频
2150,parcel,低频
2151,pastime,低频
2152,patrol,低频
2153,pave,低频
2154,plead,低频
2155,plot,低频
2156,plug,低频
2157,plunge,低频
2158,poison,低频
2159,portrait,低频
2160,pottery,低频
2161,preach,低频
2162,prestige,低频
2163,presumably,低频
2164,prey,低频
2165,prose,低频
2166,protein,低频
2167,pyramid,低频
2168,queue,低频
2169,radar,低频
2170,radius,低频
2171,rank,低频
2172,ratio,低频
2173,realm,低频
2174,refrain,低频
2175,refresh,低频
2176,refuge,低频
2177,reign,低频
2178,remains,低频
2179,repeatedly,低频
2180,republic,低频
2181,residence,低频
2182,revolutionary,低频
2183,rid,低频
2184,rigorous,低频
2185,rip,低频
2186,roast,低频
2187,rumour,低频
2188,savage,低频
2189,scatter,低频
2190,scorn,低频
2191,scream,低频
2192,seemingly,低频
2193,semester,低频
2194,semiconductor,低频
2195,shade,低频
2196,shake,低频
2197,shed,低频
2198,sheer,低频
2199,shield,低频
2200,shove,低频
2201,simplicity,低频
2202,sink,低频
2203,skilful,低频
2204,slack,低频
2205,slogan,低频
2206,slot,低频
2207,slum,低频
2208,soak,低频
2209,sociology,低频
2210,sovereign,低频
2211,sow,低频
2212,spin,低频
2213,splash,低频
2214,spokesperson,低频
2215,spray,低频
2216,spur,低频
2217,stare,低频
2218,starve,低频
2219,steam,低频
2220,steep,低频
2221,steer,低频
2222,steward,低频
2223,stiff,低频
2224,stir,低频
2225,storey,低频
2226,straw,低频
2227,stride,低频
2228,striking,低频
2229,strip,低频
2230,stripe,低频
2231,strive,低频
2232,subsidy,低频
2233,successive,低频
2234,surgeon,低频
2235,surveillance,低频
2236,tank,低频
2237,tease,低频
2238,telegraph,低频
2239,temptation,低频
2240,terrific,低频
2241,theoretical,低频
2242,thick,低频
2243,thoughtful,低频
2244,thrift,低频
2245,throat,低频
2246,throne,低频
2247,timely,低频
2248,tissue,低频
2249,toll,低频
2250,tomb,低频
2251,torch,低频
2252,tow,低频
2253,tragic,低频
2254,tram,低频
2255,transient,低频
2256,tray,低频
2257,tribe,低频
2258,trivial,低频
2259,troop,低频
2260,tropical,低频
2261,trumpet,低频
2262,turbine,低频
2263,turnover,低频
2264,uneasy,低频
2265,unfold,低频
2266,utmost,低频
2267,vanity,低频
2268,verge,低频
2269,versus,低频
2270,vertical,低频
2271,viable,低频
2272,vicious,低频
2273,virus,低频
2274,weary,低频
2275,weird,低频
2276,whatsoever,低频
2277,wheat,低频
2278,wit,低频
2279,wonderful,低频
2280,workout,低频
2281,worm,低频
2282,worship,低频
2283,wound,低频
2284,wrap,低频
2285,abdomen,
2286,abnormal,
2287,absent,
2288,abundance,
2289,accent,
2290,accessory,
2291,accidental,
2292,accord,
2293,accordance,
2294,accountant,
2295,accustom,
2296,accustomed,
2297,ache,
2298,achieve,
2299,acid,
2300,acquaint,
2301,acrobat,
2302,act,
2303,action,
2304,active,
2305,actor,
2306,actress,
2307,addict,
2308,additional,
2309,adjacent,
2310,adjoin,
2311,adore,
2312,adult,
2313,advent,
2314,adventure,
2315,adverb,
2316,adverse,
2317,advice,
2318,advise,
2319,aerial,
2320,aeroplane,
2321,aesthetic,
2322,affection,
2323,affiliate,
2324,affluent,
2325,afternoon,
2326,afterward,
2327,agitate,
2328,agree,
2329,agreement,
2330,aid,
2331,aim,
2332,airport,
2333,aisle,
2334,album,
2335,alienate,
2336,allege,
2337,allegiance,
2338,alleviate,
2339,allocate,
2340,allow,
2341,alloy,
2342,ally,
2343,aloud,
2344,alternate,
2345,aluminum,
2346,amaze,
2347,ambassador,
2348,ambulance,
2349,amend,
2350,amiable,
2351,among,
2352,ample,
2353,amplifier,
2354,amplify,
2355,amuse,
2356,analog,
2357,analogue,
2358,analytic,
2359,analyze,
2360,angel,
2361,anger,
2362,angry,
2363,anguish,
2364,ankle,
2365,anniversary,
2366,antenna,
2367,antique,
2368,anyhow,
2369,apart,
2370,ape,
2371,apologise,
2372,appal,
2373,appall,
2374,applaud,
2375,applause,
2376,apple,
2377,appraisal,
2378,approximate,
2379,april,
2380,apt,
2381,arch,
2382,archaeology,
2383,archeology,
2384,argue,
2385,arithmetic,
2386,arm,
2387,army,
2388,arrival,
2389,arrogant,
2390,arrow,
2391,art,
2392,artery,
2393,article,
2394,articulate,
2395,artist,
2396,ascend,
2397,ascertain,
2398,ash,
2399,ashamed,
2400,ashore,
2401,asleep,
2402,aspire,
2403,assassinate,
2404,astonish,
2405,astronaut,
2406,athlete,
2407,atom,
2408,attendance,
2409,attendant,
2410,attention,
2411,attitude,
2412,attract,
2413,audience,
2414,audio,
2415,audit,
2416,auditorium,
2417,august,
2418,aunt,
2419,aural,
2420,author,
2421,auto,
2422,autonomy,
2423,autumn,
2424,auxiliary,
2425,avail,
2426,average,
2427,avert,
2428,aviation,
2429,avoid,
2430,awake,
2431,awe,
2432,awful,
2433,ax,
2434,axe,
2435,axis,
2436,bacon,
2437,bacterium,
2438,badge,
2439,badminton,
2440,bag,
2441,baggage,
2442,bail,
2443,bait,
2444,bake,
2445,balance,
2446,balcony,
2447,bald,
2448,ballet,
2449,balloon,
2450,ballot,
2451,ban,
2452,banana,
2453,band,
2454,bandage,
2455,bang,
2456,bank,
2457,bankrupt,
2458,banner,
2459,banquet,
2460,bar,
2461,barbecue,
2462,barber,
2463,bark,
2464,barren,
2465,barrier,
2466,base,
2467,baseball,
2468,basement,
2469,basic,
2470,basin,
2471,basis,
2472,basket,
2473,basketball,
2474,bat,
2475,batch,
2476,bath,
2477,bathe,
2478,bathroom,
2479,beach,
2480,bean,
2481,bearing,
2482,beast,
2483,beat,
2484,beautiful,
2485,beauty,
2486,bee,
2487,beef,
2488,beer,
2489,beg,
2490,behavior,
2491,behaviour,
2492,being,
2493,belief,
2494,bell,
2495,belly,
2496,belong,
2497,beloved,
2498,below,
2499,belt,
2500,bench,
2501,benign,
2502,beside,
2503,besides,
2504,bet,
2505,beverage,
2506,beware,
2507,bewilder,
2508,bibliography,
2509,bicycle,
2510,bin,
2511,biography,
2512,birth,
2513,birthday,
2514,biscuit,
2515,bite,
2516,blackboard,
2517,blackmail,
2518,blade,
2519,blanket,
2520,blast,
2521,blaze,
2522,bleed,
2523,blend,
2524,bless,
2525,blind,
2526,blog,
2527,blood,
2528,bloody,
2529,bloom,
2530,blossom,
2531,blouse,
2532,blunt,
2533,blush,
2534,board,
2535,boat,
2536,boil,
2537,bolt,
2538,bomb,
2539,bone,
2540,boot,
2541,booth,
2542,born,
2543,borrow,
2544,bosom,
2545,botany,
2546,bottle,
2547,bottom,
2548,bounce,
2549,boundary,
2550,bow,
2551,bowel,
2552,bowl,
2553,bowling,
2554,brace,
2555,brain,
2556,brandy,
2557,brass,
2558,breach,
2559,bread,
2560,breadth,
2561,breakfast,
2562,breed,
2563,breeze,
2564,bribe,
2565,brick,
2566,bride,
2567,briefcase,
2568,brilliant,
2569,brim,
2570,bring,
2571,brisk,
2572,brittle,
2573,broadcast,
2574,brochure,
2575,bronze,
2576,brook,
2577,broom,
2578,brother,
2579,brow,
2580,brown,
2581,browse,
2582,bruise,
2583,brutal,
2584,bucket,
2585,bud,
2586,buffet,
2587,bug,
2588,building,
2589,bull,
2590,bullet,
2591,bulletin,
2592,bully,
2593,bump,
2594,bundle,
2595,burglar,
2596,burn,
2597,bury,
2598,bush,
2599,busy,
2600,butter,
2601,butterfly,
2602,button,
2603,buzz,
2604,by-pass,
2605,cab,
2606,cabbage,
2607,cabinet,
2608,cafeteria,
2609,cage,
2610,cake,
2611,calcium,
2612,call,
2613,camel,
2614,camera,
2615,campus,
2616,candle,
2617,candy,
2618,cannon,
2619,canoe,
2620,canvas,
2621,cap,
2622,cape,
2623,capitalism,
2624,capsule,
2625,car,
2626,carbohydrate,
2627,card,
2628,cardinal,
2629,care,
2630,caress,
2631,cargo,
2632,carpenter,
2633,carriage,
2634,carrot,
2635,cart,
2636,cartoon,
2637,cash,
2638,cashier,
2639,cassette,
2640,casualty,
2641,cat,
2642,catalog,
2643,catastrophe,
2644,catch,
2645,cathedral,
2646,cattle,
2647,cave,
2648,ceiling,
2649,cell,
2650,cellar,
2651,cemetery,
2652,cent,
2653,centigrade,
2654,centimeter,
2655,centimetre,
2656,century,
2657,cereal,
2658,certainly,
2659,certify,
2660,chair,
2661,chalk,
2662,champagne,
2663,champion,
2664,chap,
2665,characterise,
2666,charm,
2667,chat,
2668,cheap,
2669,cheek,
2670,chef,
2671,cherish,
2672,cherry,
2673,chess,
2674,chest,
2675,chew,
2676,chicken,
2677,chief,
2678,childhood,
2679,chill,
2680,chin,
2681,china,
2682,chocolate,
2683,choke,
2684,chorus,
2685,christ,
2686,church,
2687,cigar,
2688,cigaret,
2689,cinema,
2690,circle,
2691,circular,
2692,circulate,
2693,circumference,
2694,circus,
2695,civilian,
2696,civilisation,
2697,civilise,
2698,civilize,
2699,clap,
2700,clarify,
2701,clash,
2702,clasp,
2703,class,
2704,classic,
2705,classmate,
2706,classroom,
2707,clause,
2708,claw,
2709,clay,
2710,clean,
2711,clergy,
2712,clever,
2713,click,
2714,climate,
2715,climax,
2716,climb,
2717,clinic,
2718,clip,
2719,cloak,
2720,clock,
2721,clockwise,
2722,close,
2723,closet,
2724,cloth,
2725,clothe,
2726,clothes,
2727,clothing,
2728,cloud,
2729,cloudy,
2730,club,
2731,clumsy,
2732,cluster,
2733,clutch,
2734,coal,
2735,coarse,
2736,coat,
2737,cock,
2738,code,
2739,coffee,
2740,cohesive,
2741,coin,
2742,coincide,
2743,coincidence,
2744,coke,
2745,collar,
2746,collect,
2747,college,
2748,collide,
2749,collision,
2750,colonel,
2751,comb,
2752,comedy,
2753,comet,
2754,comfortable,
2755,commemorate,
2756,commence,
2757,commend,
2758,common,
2759,commonplace,
2760,communicate,
2761,communication,
2762,communism,
2763,community,
2764,compact,
2765,company,
2766,compare,
2767,compartment,
2768,compass,
2769,compassion,
2770,compatible,
2771,compensation,
2772,compete,
2773,complain,
2774,complement,
2775,complementary,
2776,complete,
2777,complicate,
2778,complication,
2779,composite,
2780,compute,
2781,comrade,
2782,concede,
2783,concentration,
2784,concept,
2785,concern,
2786,concerning,
2787,concert,
2788,conflict,
2789,congratulate,
2790,congratulation,
2791,connexion,
2792,conquest,
2793,conscientious,
2794,consecutive,
2795,consider,
2796,consideration,
2797,console,
2798,conspiracy,
2799,construction,
2800,consult,
2801,contagious,
2802,container,
2803,contaminate,
2804,continue,
2805,contract,
2806,contradiction,
2807,contrive,
2808,conventional,
2809,conversation,
2810,conversion,
2811,convict,
2812,cook,
2813,cool,
2814,cop,
2815,copy,
2816,copyright,
2817,cord,
2818,cordial,
2819,corn,
2820,corner,
2821,correct,
2822,corresponding,
2823,corrode,
2824,costly,
2825,costume,
2826,cottage,
2827,cotton,
2828,couch,
2829,cough,
2830,count,
2831,country,
2832,couple,
2833,coupon,
2834,courage,
2835,courtyard,
2836,cousin,
2837,cover,
2838,cow,
2839,cozy,
2840,crab,
2841,cradle,
2842,crane,
2843,crazy,
2844,create,
2845,credential,
2846,credentials,
2847,crew,
2848,crime,
2849,crisis,
2850,criterion,
2851,criticise,
2852,crow,
2853,cruise,
2854,crush,
2855,crust,
2856,cry,
2857,crystal,
2858,cube,
2859,culprit,
2860,cup,
2861,cupboard,
2862,curiosity,
2863,curl,
2864,curse,
2865,curtain,
2866,cushion,
2867,customary,
2868,customer,
2869,cut,
2870,cylinder,
2871,daily,
2872,dairy,
2873,dam,
2874,damn,
2875,damp,
2876,data,
2877,date,
2878,daughter,
2879,daunt,
2880,daylight,
2881,daytime,
2882,dazzle,
2883,dead,
2884,deaf,
2885,dear,
2886,debut,
2887,deceit,
2888,deceive,
2889,december,
2890,decimal,
2891,deck,
2892,deduct,
2893,deep,
2894,deer,
2895,defect,
2896,defendant,
2897,deficit,
2898,defy,
2899,degenerate,
2900,delegate,
2901,delicious,
2902,denial,
2903,denounce,
2904,deny,
2905,department,
2906,depend,
2907,dependence,
2908,deplore,
2909,deposit,
2910,depress,
2911,depressed,
2912,depth,
2913,deputy,
2914,descend,
2915,descent,
2916,describe,
2917,desire,
2918,desolate,
2919,despatch,
2920,dessert,
2921,detail,
2922,detain,
2923,detective,
2924,deviate,
2925,device,
2926,devil,
2927,dew,
2928,diabetes,
2929,diagnose,
2930,diagram,
2931,dial,
2932,dialect,
2933,dialog,
2934,diameter,
2935,diary,
2936,dictation,
2937,dictionary,
2938,die,
2939,diet,
2940,difficult,
2941,difficulty,
2942,dig,
2943,digest,
2944,dilute,
2945,dim,
2946,dine,
2947,dinner,
2948,dinosaur,
2949,dip,
2950,diploma,
2951,diplomatic,
2952,direct,
2953,direction,
2954,director,
2955,directory,
2956,dirt,
2957,dirty,
2958,disastrous,
2959,disc,
2960,discount,
2961,discreet,
2962,discrepancy,
2963,disease,
2964,disgrace,
2965,disgust,
2966,dish,
2967,disk,
2968,dismay,
2969,dispatch,
2970,disperse,
2971,displace,
2972,displacement,
2973,dispose,
2974,disregard,
2975,disrupt,
2976,dissipate,
2977,distill,
2978,distress,
2979,disturbance,
2980,dive,
2981,divide,
2982,divine,
2983,dizzy,
2984,dock,
2985,doctor,
2986,doctorate,
2987,documentary,
2988,door,
2989,doorway,
2990,dorm,
2991,dormitory,
2992,dot,
2993,dove,
2994,downtown,
2995,downward,
2996,doze,
2997,dragon,
2998,draw,
2999,drawer,
3000,drawing,
3001,dread,
3002,dress,
3003,drill,
3004,drink,
3005,drip,
3006,drive,
3007,driver,
3008,drop,
3009,drown,
3010,drug,
3011,drum,
3012,drunk,
3013,dubious,
3014,duck,
3015,dull,
3016,dumb,
3017,dump,
3018,dusk,
3019,dust,
3020,duty,
3021,dwarf,
3022,dwell,
3023,dye,
3024,dynamical,
3025,dynasty,
3026,eagle,
3027,ear,
3028,earthquake,
3029,east,
3030,easter,
3031,eastern,
3032,ebb,
3033,eccentric,
3034,echo,
3035,eclipse,
3036,economic,
3037,economical,
3038,economy,
3039,edible,
3040,edit,
3041,editor,
3042,educate,
3043,education,
3044,effect,
3045,effort,
3046,egg,
3047,ego,
3048,eighteen,
3049,eject,
3050,elapse,
3051,elastic,
3052,elbow,
3053,elder,
3054,elderly,
3055,elect,
3056,electrician,
3057,electron,
3058,element,
3059,elephant,
3060,elevate,
3061,elevator,
3062,eloquent,
3063,embark,
3064,embarrass,
3065,embassy,
3066,embed,
3067,eminent,
3068,emotion,
3069,emperor,
3070,emphasise,
3071,employer,
3072,enable,
3073,enclose,
3074,enclosure,
3075,encourage,
3076,encyclopaedia,
3077,encyclopedia,
3078,endeavor,
3079,ending,
3080,endorse,
3081,endow,
3082,enemy,
3083,energy,
3084,engine,
3085,enlighten,
3086,enquire,
3087,enroll,
3088,enter,
3089,entity,
3090,entry,
3091,envelope,
3092,environment,
3093,envisage,
3094,envy,
3095,equal,
3096,equator,
3097,era,
3098,erosion,
3099,erroneous,
3100,error,
3101,escalate,
3102,escort,
3103,especially,
3104,essay,
3105,essential,
3106,establishment,
3107,eternal,
3108,ethnic,
3109,evacuate,
3110,evaporate,
3111,eve,
3112,evening,
3113,event,
3114,eventually,
3115,everyday,
3116,evil,
3117,evoke,
3118,exceedingly,
3119,except,
3120,excerpt,
3121,excite,
3122,exclaim,
3123,excursion,
3124,excuse,
3125,execute,
3126,exercise,
3127,exile,
3128,exotic,
3129,expedition,
3130,expel,
3131,expend,
3132,expensive,
3133,experience,
3134,experiment,
3135,experimental,
3136,expert,
3137,expertise,
3138,expire,
3139,explore,
3140,explosive,
3141,export,
3142,express,
3143,exquisite,
3144,exterior,
3145,extinct,
3146,extra,
3147,eyesight,
3148,fable,
3149,fabricate,
3150,fabulous,
3151,facility,
3152,fact,
3153,factor,
3154,factory,
3155,failure,
3156,fair,
3157,fairy,
3158,faith,
3159,faithfully,
3160,fall,
3161,false,
3162,familiar,
3163,famine,
3164,famous,
3165,fan,
3166,fantastical,
3167,fantasy,
3168,farewell,
3169,farm,
3170,farmer,
3171,farther,
3172,fascinate,
3173,fascinated,
3174,fashion,
3175,fasten,
3176,fat,
3177,fate,
3178,fatigued,
3179,fault,
3180,favor,
3181,favorite,
3182,favourable,
3183,favourite,
3184,fax,
3185,fearful,
3186,feast,
3187,feat,
3188,feather,
3189,february,
3190,fee,
3191,feed,
3192,feeling,
3193,fell,
3194,fellowship,
3195,female,
3196,feminine,
3197,fence,
3198,ferry,
3199,fertiliser,
3200,festival,
3201,feudal,
3202,fever,
3203,fiber,
3204,fifty,
3205,fight,
3206,figure,
3207,film,
3208,fin,
3209,final,
3210,finally,
3211,fine,
3212,finger,
3213,finish,
3214,fireman,
3215,fireplace,
3216,firm,
3217,fisherman,
3218,fist,
3219,fitting,
3220,fix,
3221,fixture,
3222,flag,
3223,flame,
3224,flap,
3225,flare,
3226,flat,
3227,flatter,
3228,flavor,
3229,flee,
3230,fleet,
3231,flesh,
3232,flight,
3233,fling,
3234,flock,
3235,flood,
3236,floor,
3237,flour,
3238,flow,
3239,flu,
3240,fluent,
3241,flush,
3242,focus,
3243,fog,
3244,fold,
3245,folk,
3246,follow,
3247,following,
3248,fond,
3249,fool,
3250,foolish,
3251,foot,
3252,football,
3253,footstep,
3254,forbid,
3255,force,
3256,fore,
3257,forehead,
3258,foreign,
3259,foreigner,
3260,forest,
3261,forever,
3262,forget,
3263,forgive,
3264,fork,
3265,form,
3266,formal,
3267,formidable,
3268,fortnight,
3269,forward,
3270,foul,
3271,fountain,
3272,fourteen,
3273,fracture,
3274,fragrant,
3275,franchise,
3276,fraud,
3277,freedom,
3278,freelance,
3279,freeze,
3280,freight,
3281,fresh,
3282,friction,
3283,friday,
3284,fridge,
3285,friendly,
3286,friendship,
3287,fright,
3288,fringe,
3289,frog,
3290,frost,
3291,fruit,
3292,frustrate,
3293,fry,
3294,fuel,
3295,fulfil,
3296,fume,
3297,fun,
3298,function,
3299,fund,
3300,funeral,
3301,fur,
3302,furious,
3303,furniture,
3304,fuse,
3305,fuss,
3306,futile,
3307,future,
3308,gage,
3309,gain,
3310,galaxy,
3311,gallery,
3312,gallon,
3313,gallop,
3314,game,
3315,gang,
3316,gaol,
3317,gap,
3318,garage,
3319,garbage,
3320,garden,
3321,garlic,
3322,gas,
3323,gasolene,
3324,gasp,
3325,gate,
3326,gather,
3327,gauge,
3328,gay,
3329,gender,
3330,gene,
3331,generalise,
3332,generalize,
3333,generator,
3334,genetics,
3335,gentle,
3336,gentleman,
3337,gently,
3338,germ,
3339,ghost,
3340,giant,
3341,gift,
3342,giggle,
3343,glacier,
3344,glad,
3345,glamor,
3346,glamour,
3347,glare,
3348,glass,
3349,glide,
3350,glitter,
3351,global,
3352,globe,
3353,glorious,
3354,glory,
3355,glove,
3356,glow,
3357,glue,
3358,goal,
3359,goat,
3360,god,
3361,gold,
3362,golden,
3363,golf,
3364,goodby,
3365,goodness,
3366,goods,
3367,goose,
3368,gorgeous,
3369,gossip,
3370,governor,
3371,gown,
3372,graceful,
3373,gracious,
3374,grade,
3375,graduate,
3376,gram,
3377,grammar,
3378,gramme,
3379,grandmother,
3380,grape,
3381,graph,
3382,graphic,
3383,grass,
3384,graze,
3385,grease,
3386,great,
3387,greedy,
3388,green,
3389,greet,
3390,greeting,
3391,grey,
3392,grief,
3393,grieve,
3394,grim,
3395,grind,
3396,groan,
3397,grocer,
3398,grope,
3399,group,
3400,grown-up,
3401,growth,
3402,guess,
3403,guest,
3404,guild,
3405,guitar,
3406,gulf,
3407,gum,
3408,gun,
3409,guy,
3410,gym,
3411,gymnasium,
3412,hair,
3413,hall,
3414,halt,
3415,ham,
3416,hamburger,
3417,hammer,
3418,handbook,
3419,handicap,
3420,handkerchief,
3421,handsome,
3422,handwriting,
3423,handy,
3424,hang,
3425,happy,
3426,harassment,
3427,harbor,
3428,harden,
3429,hardware,
3430,harm,
3431,harness,
3432,hatch,
3433,hate,
3434,haul,
3435,hawk,
3436,hay,
3437,heading,
3438,headmaster,
3439,heap,
3440,hearing,
3441,heat,
3442,heave,
3443,heavy,
3444,hedge,
3445,heel,
3446,heir,
3447,helicopter,
3448,hell,
3449,helpful,
3450,hen,
3451,hence,
3452,henceforth,
3453,her,
3454,herald,
3455,herb,
3456,here,
3457,hero,
3458,heroine,
3459,hers,
3460,herself,
3461,hierarchy,
3462,highjack,
3463,highland,
3464,highway,
3465,hike,
3466,hill,
3467,hinge,
3468,hire,
3469,history,
3470,hobby,
3471,hoist,
3472,hole,
3473,holiday,
3474,hollow,
3475,homogeneous,
3476,honest,
3477,honey,
3478,honor,
3479,honorable,
3480,honourable,
3481,hop,
3482,hopeful,
3483,horizontal,
3484,horn,
3485,horrible,
3486,horror,
3487,horsepower,
3488,hose,
3489,hospital,
3490,host,
3491,hostage,
3492,hostess,
3493,hot,
3494,hotel,
3495,hound,
3496,housewife,
3497,housing,
3498,hover,
3499,howl,
3500,huddle,
3501,hug,
3502,huge,
3503,hum,
3504,human,
3505,humid,
3506,humidity,
3507,humiliate,
3508,humor,
3509,humour,
3510,hunger,
3511,hunt,
3512,hurl,
3513,hurricane,
3514,hurry,
3515,husband,
3516,hut,
3517,hypocrisy,
3518,hypothesis,
3519,hysterical,
3520,identification,
3521,idiom,
3522,idiot,
3523,idle,
3524,ignite,
3525,ignorance,
3526,illuminate,
3527,illustration,
3528,image,
3529,impart,
3530,imperial,
3531,impetus,
3532,importance,
3533,important,
3534,impossible,
3535,improve,
3536,improvement,
3537,inaugurate,
3538,inch,
3539,incline,
3540,include,
3541,increase,
3542,indignant,
3543,indoor,
3544,industrialise,
3545,industrialize,
3546,infect,
3547,infectious,
3548,influence,
3549,information,
3550,infrared,
3551,ingenious,
3552,inhale,
3553,inhibit,
3554,injure,
3555,ink,
3556,inland,
3557,inlet,
3558,inn,
3559,innumerable,
3560,inquire,
3561,inquiry,
3562,insert,
3563,inside,
3564,instability,
3565,install,
3566,installation,
3567,installment,
3568,instantaneous,
3569,instrumental,
3570,insulate,
3571,insult,
3572,intact,
3573,integral,
3574,intelligible,
3575,intensive,
3576,intercourse,
3577,interesting,
3578,interim,
3579,intermediate,
3580,intermittent,
3581,international,
3582,internet,
3583,intersection,
3584,interval,
3585,intimidate,
3586,intrigue,
3587,intrude,
3588,invade,
3589,invaluable,
3590,invariable,
3591,invariably,
3592,invasion,
3593,invent,
3594,invention,
3595,inventory,
3596,inverse,
3597,invitation,
3598,invite,
3599,inward,
3600,iron,
3601,irrespective,
3602,irrigate,
3603,irritate,
3604,island,
3605,isle,
3606,issue,
3607,item,
3608,ivory,
3609,jacket,
3610,jail,
3611,jam,
3612,january,
3613,jar,
3614,jargon,
3615,jaw,
3616,jazz,
3617,jealous,
3618,jeans,
3619,jewel,
3620,jewellery,
3621,jewelry,
3622,jog,
3623,join,
3624,jolly,
3625,journal,
3626,journey,
3627,joy,
3628,judge,
3629,judgment,
3630,judicial,
3631,jug,
3632,juice,
3633,july,
3634,junction,
3635,june,
3636,jungle,
3637,junk,
3638,kettle,
3639,keyboard,
3640,kick,
3641,kid,
3642,kidnap,
3643,kidney,
3644,kilo,
3645,kilometre,
3646,kin,
3647,kindergarten,
3648,king,
3649,kiss,
3650,kitchen,
3651,kite,
3652,knee,
3653,kneel,
3654,knife,
3655,knit,
3656,knob,
3657,knowledge,
3658,lab,
3659,label,
3660,labor,
3661,lace,
3662,lack,
3663,lad,
3664,lady,
3665,lag,
3666,lake,
3667,lamb,
3668,lame,
3669,lamp,
3670,landlady,
3671,landlord,
3672,lantern,
3673,lap,
3674,lapse,
3675,laptop,
3676,largely,
3677,lash,
3678,latent,
3679,latin,
3680,latter,
3681,laugh,
3682,laughter,
3683,launch,
3684,lavatory,
3685,law,
3686,lawn,
3687,lawyer,
3688,lay,
3689,layman,
3690,layoff,
3691,layout,
3692,leaf,
3693,leaflet,
3694,league,
3695,leak,
3696,learned,
3697,learning,
3698,lease,
3699,leather,
3700,leg,
3701,legal,
3702,legend,
3703,leisure,
3704,lemon,
3705,lend,
3706,length,
3707,lens,
3708,lesson,
3709,level,
3710,librarian,
3711,library,
3712,licence,
3713,lick,
3714,lid,
3715,lie,
3716,lift,
3717,light,
3718,lightning,
3719,likely,
3720,limp,
3721,linear,
3722,linen,
3723,liner,
3724,lion,
3725,lip,
3726,liquid,
3727,liquor,
3728,liter,
3729,litre,
3730,litter,
3731,lively,
3732,liver,
3733,living,
3734,loaf,
3735,local,
3736,locality,
3737,lock,
3738,locker,
3739,locomotive,
3740,lodge,
3741,lofty,
3742,lonely,
3743,longitude,
3744,loop,
3745,loose,
3746,lord,
3747,lorry,
3748,loss,
3749,loudspeaker,
3750,lover,
3751,low,
3752,lower,
3753,lubricate,
3754,luck,
3755,lucky,
3756,lunar,
3757,lung,
3758,lyric,
3759,mad,
3760,madame,
3761,magazine,
3762,magic,
3763,magistrate,
3764,magnet,
3765,magnetic,
3766,magnify,
3767,maid,
3768,maiden,
3769,mainland,
3770,majesty,
3771,male,
3772,malignant,
3773,mammal,
3774,man,
3775,maneuver,
3776,manner,
3777,manoeuvre,
3778,manual,
3779,marble,
3780,marital,
3781,mark,
3782,market,
3783,marriage,
3784,married,
3785,marry,
3786,marvellous,
3787,marvelous,
3788,marxist,
3789,massacre,
3790,mat,
3791,match,
3792,mate,
3793,material,
3794,maths,
3795,matter,
3796,meadow,
3797,meaning,
3798,means,
3799,measure,
3800,meat,
3801,meditate,
3802,meditation,
3803,meeting,
3804,melody,
3805,melon,
3806,member,
3807,memo,
3808,memorandum,
3809,memorial,
3810,memory,
3811,mention,
3812,menu,
3813,merchandise,
3814,merchant,
3815,merge,
3816,merry,
3817,mess,
3818,message,
3819,messenger,
3820,metaphor,
3821,method,
3822,metre,
3823,metric,
3824,metropolis,
3825,microphone,
3826,middle,
3827,midst,
3828,migrate,
3829,militant,
3830,milk,
3831,millimeter,
3832,millimetre,
3833,millionaire,
3834,mingle,
3835,miniature,
3836,ministry,
3837,minority,
3838,minus,
3839,miracle,
3840,mirror,
3841,mischief,
3842,misfortune,
3843,miss,
3844,missile,
3845,missing,
3846,missionary,
3847,mist,
3848,mistake,
3849,mistress,
3850,mix,
3851,moan,
3852,mob,
3853,mobile,
3854,mobilise,
3855,mobilize,
3856,model,
3857,modern,
3858,modest,
3859,module,
3860,moist,
3861,moisture,
3862,mold,
3863,monday,
3864,money,
3865,monkey,
3866,monotonous,
3867,month,
3868,monthly,
3869,monument,
3870,mood,
3871,moon,
3872,moral,
3873,morality,
3874,mortal,
3875,mosaic,
3876,mosquito,
3877,moss,
3878,motel,
3879,motion,
3880,mountain,
3881,mourn,
3882,mouse,
3883,mouth,
3884,move,
3885,movement,
3886,movie,
3887,mud,
3888,mug,
3889,multiply,
3890,murmur,
3891,muscle,
3892,muscular,
3893,mushroom,
3894,musical,
3895,musician,
3896,mute,
3897,mutter,
3898,mutton,
3899,nail,
3900,naked,
3901,name,
3902,namely,
3903,nap,
3904,napkin,
3905,narrow,
3906,nation,
3907,national,
3908,nationality,
3909,native,
3910,naughty,
3911,naval,
3912,navigation,
3913,neat,
3914,necessitate,
3915,neck,
3916,needle,
3917,negro,
3918,neighbor,
3919,neighbourhood,
3920,nephew,
3921,nerve,
3922,nest,
3923,network,
3924,neutron,
3925,nice,
3926,nickel,
3927,niece,
3928,nineteen,
3929,nod,
3930,noise,
3931,noisy,
3932,nominal,
3933,nominate,
3934,noon,
3935,norm,
3936,normalization,
3937,north,
3938,northeast,
3939,northern,
3940,northwest,
3941,nose,
3942,nostalgic,
3943,notable,
3944,notebook,
3945,noticeable,
3946,notify,
3947,notorious,
3948,notwithstanding,
3949,noun,
3950,nourish,
3951,novel,
3952,november,
3953,nowadays,
3954,nucleus,
3955,nuisance,
3956,numb,
3957,nurse,
3958,nursery,
3959,nut,
3960,nylon,
3961,oak,
3962,oar,
3963,oath,
3964,obedience,
3965,object,
3966,obsolete,
3967,obstruct,
3968,obstruction,
3969,occasional,
3970,october,
3971,odor,
3972,odour,
3973,offend,
3974,offensive,
3975,office,
3976,offset,
3977,oil,
3978,oneself,
3979,onion,
3980,opaque,
3981,opera,
3982,opinion,
3983,oppress,
3984,optical,
3985,optimum,
3986,optional,
3987,oral,
3988,orange,
3989,orchard,
3990,order,
3991,ore,
3992,organ,
3993,organisation,
3994,organise,
3995,orient,
3996,oriental,
3997,orientation,
3998,orphan,
3999,orthodox,
4000,ounce,
4001,outfit,
4002,outing,
4003,outside,
4004,outskirts,
4005,outward,
4006,oval,
4007,oven,
4008,overcoat,
4009,overflow,
4010,overhaul,
4011,overhear,
4012,overnight,
4013,overpass,
4014,overtake,
4015,overthrow,
4016,overtime,
4017,overwhelm,
4018,overwhelming,
4019,owe,
4020,owing,
4021,owl,
4022,owner,
4023,ox,
4024,oxide,
4025,ozone,
4026,pace,
4027,pack,
4028,package,
4029,packet,
4030,pact,
4031,pad,
4032,paddle,
4033,pail,
4034,painful,
4035,painter,
4036,pair,
4037,pale,
4038,palm,
4039,pamphlet,
4040,pan,
4041,panda,
4042,panorama,
4043,pant,
4044,pants,
4045,paperback,
4046,parade,
4047,paradigm,
4048,paragraph,
4049,paralyze,
4050,parameter,
4051,parasite,
4052,pardon,
4053,parent,
4054,park,
4055,part,
4056,partner,
4057,party,
4058,passenger,
4059,passerby,
4060,passport,
4061,past,
4062,paste,
4063,pasture,
4064,pat,
4065,patch,
4066,path,
4067,pathetic,
4068,patriotic,
4069,patron,
4070,pattern,
4071,pavement,
4072,paw,
4073,pea,
4074,peace,
4075,peaceful,
4076,peach,
4077,peanut,
4078,pear,
4079,peasant,
4080,pebble,
4081,pedal,
4082,pedestrian,
4083,peel,
4084,peep,
4085,pen,
4086,pencil,
4087,pendulum,
4088,penetrate,
4089,penny,
4090,pepper,
4091,per,
4092,perfect,
4093,perfection,
4094,perfume,
4095,period,
4096,periodical,
4097,perish,
4098,permeate,
4099,perplex,
4100,persecute,
4101,persevere,
4102,personal,
4103,pest,
4104,pet,
4105,petition,
4106,petty,
4107,pharmacy,
4108,phone,
4109,photo,
4110,phrase,
4111,physiological,
4112,physiology,
4113,pickup,
4114,picnic,
4115,picture,
4116,pie,
4117,piece,
4118,pierce,
4119,pig,
4120,pigeon,
4121,pill,
4122,pillar,
4123,pillow,
4124,pilot,
4125,pinch,
4126,pine,
4127,pink,
4128,pint,
4129,pirate,
4130,pistol,
4131,piston,
4132,pitch,
4133,pity,
4134,plaintiff,
4135,plane,
4136,plantation,
4137,plaster,
4138,plateau,
4139,playground,
4140,plea,
4141,pleasure,
4142,plenty,
4143,plight,
4144,plough,
4145,plumber,
4146,plural,
4147,plus,
4148,pneumonia,
4149,pocket,
4150,poem,
4151,poke,
4152,polar,
4153,pole,
4154,police,
4155,policeman,
4156,policy,
4157,polite,
4158,pollute,
4159,pond,
4160,ponder,
4161,pool,
4162,pop,
4163,pope,
4164,popular,
4165,population,
4166,porcelain,
4167,porch,
4168,pork,
4169,port,
4170,portable,
4171,porter,
4172,portfolio,
4173,possible,
4174,possibly,
4175,postage,
4176,postcard,
4177,poster,
4178,postman,
4179,pot,
4180,potato,
4181,poultry,
4182,pound,
4183,powder,
4184,power,
4185,powerful,
4186,practically,
4187,practice,
4188,practise,
4189,pray,
4190,prayer,
4191,precedent,
4192,precious,
4193,precise,
4194,preclude,
4195,predict,
4196,predominant,
4197,prefer,
4198,prepare,
4199,preposition,
4200,president,
4201,pressure,
4202,presume,
4203,pretext,
4204,pretty,
4205,prevent,
4206,price,
4207,prick,
4208,priest,
4209,prince,
4210,princess,
4211,prison,
4212,prisoner,
4213,prize,
4214,probable,
4215,proceeding,
4216,process,
4217,procession,
4218,product,
4219,profit,
4220,programme,
4221,project,
4222,projector,
4223,promise,
4224,pronoun,
4225,pronounce,
4226,pronunciation,
4227,propaganda,
4228,prophet,
4229,prospective,
4230,prosper,
4231,prosperous,
4232,protect,
4233,prototype,
4234,prove,
4235,provide,
4236,province,
4237,psychiatry,
4238,pub,
4239,publicity,
4240,publish,
4241,puff,
4242,pulse,
4243,pump,
4244,punch,
4245,punctual,
4246,punish,
4247,pupil,
4248,puppet,
4249,purple,
4250,purpose,
4251,purse,
4252,push,
4253,qualitative,
4254,quality,
4255,quantify,
4256,quarrel,
4257,quart,
4258,quarterly,
4259,quartz,
4260,queer,
4261,quench,
4262,questionnaire,
4263,quick,
4264,quiet,
4265,quilt,
4266,quiver,
4267,quiz,
4268,rabbit,
4269,race,
4270,racial,
4271,rack,
4272,racket,
4273,radiant,
4274,radiate,
4275,radio,
4276,radioactive,
4277,rag,
4278,raid,
4279,rail,
4280,railroad,
4281,railway,
4282,rain,
4283,rainbow,
4284,rake,
4285,rally,
4286,rap,
4287,rape,
4288,rapid,
4289,rarely,
4290,rash,
4291,rat,
4292,rate,
4293,razor,
4294,reader,
4295,ready,
4296,realise,
4297,reality,
4298,reassure,
4299,rebellion,
4300,recede,
4301,receive,
4302,recent,
4303,recipe,
4304,reciprocal,
4305,recite,
4306,reckless,
4307,reclaim,
4308,recognise,
4309,recollect,
4310,reconcile,
4311,record,
4312,recorder,
4313,rectangle,
4314,rectify,
4315,recycle,
4316,red,
4317,redeem,
4318,reduce,
4319,redundant,
4320,reed,
4321,reel,
4322,refine,
4323,reflexion,
4324,refreshment,
4325,refugee,
4326,refund,
4327,refusal,
4328,rehearsal,
4329,rehearse,
4330,rein,
4331,rejoice,
4332,relation,
4333,relationship,
4334,relativity,
4335,relax,
4336,relay,
4337,relish,
4338,rely,
4339,remain,
4340,remainder,
4341,remember,
4342,remind,
4343,remnant,
4344,removal,
4345,renew,
4346,renovate,
4347,rent,
4348,repair,
4349,repay,
4350,repeat,
4351,repeated,
4352,repertoire,
4353,repetition,
4354,replacement,
4355,reply,
4356,report,
4357,reporter,
4358,repression,
4359,reproach,
4360,reptile,
4361,resemblance,
4362,reservoir,
4363,resign,
4364,resolute,
4365,respect,
4366,respective,
4367,responsibility,
4368,rest,
4369,restaurant,
4370,restless,
4371,restrain,
4372,result,
4373,resultant,
4374,retention,
4375,retire,
4376,retort,
4377,retrieve,
4378,retrospect,
4379,return,
4380,revenge,
4381,revolt,
4382,rib,
4383,ribbon,
4384,rice,
4385,rich,
4386,riddle,
4387,ride,
4388,ridge,
4389,ridiculous,
4390,rifle,
4391,rim,
4392,ring,
4393,riot,
4394,ripe,
4395,rise,
4396,risk,
4397,river,
4398,road,
4399,roar,
4400,robe,
4401,robot,
4402,robust,
4403,rock,
4404,rod,
4405,roll,
4406,romance,
4407,roof,
4408,room,
4409,root,
4410,rope,
4411,rose,
4412,rot,
4413,rotary,
4414,rotten,
4415,round,
4416,rouse,
4417,route,
4418,row,
4419,royalty,
4420,rub,
4421,rubbish,
4422,ruby,
4423,rude,
4424,rug,
4425,ruin,
4426,ruler,
4427,rumor,
4428,rush,
4429,rust,
4430,ruthless,
4431,sack,
4432,sad,
4433,saddle,
4434,safe,
4435,safety,
4436,sail,
4437,saint,
4438,sake,
4439,salad,
4440,salary,
4441,salesman,
4442,salient,
4443,salt,
4444,salute,
4445,salvation,
4446,same,
4447,sand,
4448,sandwich,
4449,sane,
4450,sarcastic,
4451,satire,
4452,saturate,
4453,saturday,
4454,sauce,
4455,saucer,
4456,sausage,
4457,save,
4458,saw,
4459,scan,
4460,scandal,
4461,scar,
4462,scarce,
4463,scare,
4464,scarf,
4465,scattered,
4466,scenario,
4467,scene,
4468,scent,
4469,scholarship,
4470,science,
4471,scientific,
4472,scientist,
4473,scissors,
4474,scold,
4475,scout,
4476,scramble,
4477,scrap,
4478,scrape,
4479,scratch,
4480,screen,
4481,screw,
4482,script,
4483,sea,
4484,seal,
4485,seam,
4486,search,
4487,seaside,
4488,season,
4489,seat,
4490,second,
4491,seed,
4492,seek,
4493,segregate,
4494,seize,
4495,selfish,
4496,sell,
4497,seminar,
4498,sensation,
4499,sense,
4500,sentence,
4501,september,
4502,serial,
4503,service,
4504,sew,
4505,sex,
4506,shabby,
4507,shadow,
4508,shady,
4509,shaft,
4510,shallow,
4511,sham,
4512,shampoo,
4513,shape,
4514,share,
4515,shark,
4516,shatter,
4517,shave,
4518,shear,
4519,sheep,
4520,shelf,
4521,shell,
4522,shepherd,
4523,shift,
4524,shilling,
4525,shine,
4526,ship,
4527,shipment,
4528,shirt,
4529,shiver,
4530,shock,
4531,shoe,
4532,shoot,
4533,shop,
4534,shopkeeper,
4535,shore,
4536,short,
4537,shortly,
4538,shot,
4539,shoulder,
4540,shout,
4541,shower,
4542,shrewd,
4543,shrug,
4544,shut,
4545,shutter,
4546,shy,
4547,side,
4548,sideways,
4549,siege,
4550,sigh,
4551,sight,
4552,sightseeing,
4553,signify,
4554,silence,
4555,silk,
4556,silly,
4557,silver,
4558,similar,
4559,simulate,
4560,simultaneous,
4561,sin,
4562,sincere,
4563,sing,
4564,single,
4565,sip,
4566,sir,
4567,siren,
4568,sister,
4569,sit,
4570,site,
4571,situated,
4572,size,
4573,skate,
4574,skeleton,
4575,skeptical,
4576,ski,
4577,skillful,
4578,skin,
4579,skirt,
4580,skull,
4581,skyscraper,
4582,slam,
4583,slap,
4584,slaughter,
4585,slave,
4586,sleep,
4587,sleeve,
4588,slender,
4589,slide,
4590,slim,
4591,slip,
4592,slipper,
4593,slippery,
4594,slit,
4595,slope,
4596,slow,
4597,sly,
4598,smart,
4599,smash,
4600,smell,
4601,smile,
4602,smog,
4603,smoke,
4604,smuggle,
4605,snack,
4606,snake,
4607,snatch,
4608,sneak,
4609,sneeze,
4610,sniff,
4611,snobbish,
4612,snow,
4613,snowstorm,
4614,soap,
4615,soar,
4616,sob,
4617,sober,
4618,soccer,
4619,social,
4620,socialism,
4621,sock,
4622,soda,
4623,sofa,
4624,soft,
4625,soil,
4626,solar,
4627,soldier,
4628,solemn,
4629,solidarity,
4630,solitary,
4631,solo,
4632,soluble,
4633,solve,
4634,sometimes,
4635,son,
4636,song,
4637,sophomore,
4638,sore,
4639,sorrow,
4640,soul,
4641,sound,
4642,soup,
4643,sour,
4644,source,
4645,south,
4646,southeast,
4647,southern,
4648,southwest,
4649,space,
4650,spaceship,
4651,spade,
4652,sparkle,
4653,speak,
4654,speaker,
4655,spear,
4656,special,
4657,specialise,
4658,speciality,
4659,specialty,
4660,specification,
4661,specimen,
4662,spectacle,
4663,spectacular,
4664,speech,
4665,speed,
4666,spell,
4667,spelling,
4668,spend,
4669,sphere,
4670,spicy,
4671,spider,
4672,spill,
4673,spine,
4674,spiral,
4675,spit,
4676,splendid,
4677,spokesman,
4678,sponge,
4679,spoon,
4680,sport,
4681,sportsman,
4682,spread,
4683,sprinkle,
4684,sprout,
4685,squirrel,
4686,stab,
4687,stack,
4688,stagger,
4689,stagnant,
4690,stain,
4691,stair,
4692,staircase,
4693,stairway,
4694,stale,
4695,stalk,
4696,stall,
4697,stamp,
4698,stand,
4699,standard,
4700,standpoint,
4701,staple,
4702,startle,
4703,state,
4704,statesman,
4705,static,
4706,statical,
4707,stationery,
4708,statistical,
4709,statue,
4710,stay,
4711,steak,
4712,steal,
4713,steamer,
4714,steel,
4715,step,
4716,stereo,
4717,sticky,
4718,sting,
4719,stitch,
4720,stocking,
4721,stomach,
4722,stone,
4723,stool,
4724,stoop,
4725,stop,
4726,store,
4727,storm,
4728,story,
4729,straight,
4730,strange,
4731,stranger,
4732,strap,
4733,strawberry,
4734,streamline,
4735,strenuous,
4736,stress,
4737,strict,
4738,strife,
4739,stroke,
4740,stroll,
4741,strong,
4742,structure,
4743,struggle,
4744,stubborn,
4745,student,
4746,stumble,
4747,stun,
4748,stupid,
4749,sturdy,
4750,style,
4751,subject,
4752,subjective,
4753,submarine,
4754,submerge,
4755,subtract,
4756,succeed,
4757,success,
4758,successful,
4759,successor,
4760,suck,
4761,sudden,
4762,sue,
4763,suffice,
4764,sugar,
4765,suggestion,
4766,suite,
4767,sulfur,
4768,sulphur,
4769,summarise,
4770,summary,
4771,summer,
4772,summit,
4773,summon,
4774,sun,
4775,sunday,
4776,sunrise,
4777,sunset,
4778,sunshine,
4779,super,
4780,superb,
4781,supermarket,
4782,supersonic,
4783,supper,
4784,surge,
4785,surprise,
4786,surrender,
4787,survey,
4788,swallow,
4789,swamp,
4790,swan,
4791,swarm,
4792,sway,
4793,swear,
4794,sweat,
4795,sweater,
4796,swell,
4797,swift,
4798,swim,
4799,sword,
4800,symmetry,
4801,sympathise,
4802,sympathize,
4803,symposium,
4804,syndrome,
4805,synthesis,
4806,system,
4807,table,
4808,tablet,
4809,taboo,
4810,tactics,
4811,tag,
4812,tailor,
4813,tale,
4814,talent,
4815,tall,
4816,tame,
4817,tan,
4818,tangle,
4819,tanker,
4820,tape,
4821,tar,
4822,target,
4823,tariff,
4824,task,
4825,taste,
4826,tax,
4827,taxi,
4828,tea,
4829,teacher,
4830,team,
4831,teenager,
4832,telegram,
4833,telephone,
4834,temperament,
4835,temple,
4836,tempo,
4837,tenant,
4838,tend,
4839,tender,
4840,tent,
4841,term,
4842,terminal,
4843,terrify,
4844,terror,
4845,testify,
4846,testimony,
4847,textbook,
4848,texture,
4849,thanksgiving,
4850,theater,
4851,theft,
4852,thereafter,
4853,therefore,
4854,thereof,
4855,thermal,
4856,thermometer,
4857,thief,
4858,thigh,
4859,thirst,
4860,thirsty,
4861,thirteen,
4862,thirty,
4863,thorn,
4864,thorough,
4865,thousand,
4866,thread,
4867,thrill,
4868,throw,
4869,thrust,
4870,thumb,
4871,thunder,
4872,thursday,
4873,tick,
4874,ticket,
4875,tie,
4876,tiger,
4877,tile,
4878,till,
4879,tilt,
4880,timber,
4881,time,
4882,timid,
4883,tin,
4884,tip,
4885,tire,
4886,tired,
4887,tiresome,
4888,title,
4889,to,
4890,toast,
4891,toe,
4892,toil,
4893,tomato,
4894,tomorrow,
4895,ton,
4896,tongue,
4897,tonight,
4898,topic,
4899,torment,
4900,torrent,
4901,torture,
4902,toss,
4903,total,
4904,tourist,
4905,towel,
4906,tower,
4907,town,
4908,toy,
4909,trade,
4910,trademark,
4911,tradition,
4912,traffic,
4913,traitor,
4914,tramp,
4915,transcend,
4916,transistor,
4917,transit,
4918,transmission,
4919,trap,
4920,trash,
4921,treason,
4922,treasure,
4923,treat,
4924,treaty,
4925,tree,
4926,tremble,
4927,tremendous,
4928,trench,
4929,triangle,
4930,tribute,
4931,trick,
4932,trifle,
4933,trim,
4934,trip,
4935,triple,
4936,trolley,
4937,trolly,
4938,tropic,
4939,trouble,
4940,troublesome,
4941,trousers,
4942,trunk,
4943,trust,
4944,truth,
4945,tub,
4946,tube,
4947,tuck,
4948,tuesday,
4949,tug,
4950,tumble,
4951,tumor,
4952,tumour,
4953,turkey,
4954,turmoil,
4955,turn,
4956,tutor,
4957,tv,
4958,twin,
4959,twinkle,
4960,typewriter,
4961,typhoon,
4962,typist,
4963,ugly,
4964,ultraviolet,
4965,umbrella,
4966,unanimous,
4967,uncover,
4968,underneath,
4969,understand,
4970,undesirable,
4971,undo,
4972,unify,
4973,unit,
4974,unite,
4975,university,
4976,unload,
4977,up-to-date,
4978,uphold,
4979,upper,
4980,uproar,
4981,upward,
4982,usage,
4983,usual,
4984,utilise,
4985,utter,
4986,vacation,
4987,value,
4988,valve,
4989,van,
4990,vapor,
4991,vapour,
4992,vase,
4993,vegetable,
4994,vegetarian,
4995,vegetation,
4996,veil,
4997,vein,
4998,velvet,
4999,ventilate,
5000,verb,
5001,versatile,
5002,verse,
5003,very,
5004,vest,
5005,veteran,
5006,veto,
5007,via,
5008,vibrate,
5009,vicinity,
5010,victory,
5011,video,
5012,view,
5013,vigorous,
5014,village,
5015,vinegar,
5016,violet,
5017,violin,
5018,visit,
5019,visitor,
5020,vocabulary,
5021,vocal,
5022,vocation,
5023,voice,
5024,void,
5025,volcano,
5026,volleyball,
5027,volt,
5028,voltage,
5029,vote,
5030,vowel,
5031,vulgar,
5032,wage,
5033,waggon,
5034,wagon,
5035,waist,
5036,wait,
5037,waitress,
5038,wake,
5039,waken,
5040,walk,
5041,wall,
5042,wallet,
5043,wander,
5044,ward,
5045,wardrobe,
5046,warfare,
5047,warm,
5048,warmth,
5049,warn,
5050,wash,
5051,waste,
5052,watch,
5053,waterfall,
5054,waterproof,
5055,watt,
5056,wax,
5057,weak,
5058,wealthy,
5059,wear,
5060,weave,
5061,wedding,
5062,wedge,
5063,weed,
5064,weekday,
5065,weekend,
5066,weekly,
5067,weep,
5068,weld,
5069,west,
5070,western,
5071,wet,
5072,whale,
5073,whereas,
5074,whichever,
5075,whip,
5076,whirl,
5077,whiskey,
5078,whisky,
5079,whisper,
5080,whistle,
5081,wholesome,
5082,wicked,
5083,widow,
5084,width,
5085,wife,
5086,wild,
5087,wind,
5088,window,
5089,wine,
5090,wink,
5091,winter,
5092,wire,
5093,wise,
5094,witch,
5095,withstand,
5096,wolf,
5097,woman,
5098,wood,
5099,wooden,
5100,wool,
5101,workshop,
5102,worldwide,
5103,worse,
5104,worst,
5105,worth,
5106,wreath,
5107,wreck,
5108,wrench,
5109,wretched,
5110,wrinkle,
5111,wrist,
5112,writing,
5113,wrong,
5114,x-ray,
5115,yard,
5116,yawn,
5117,yearly,
5118,yell,
5119,yellow,
5120,yesterday,
5121,zeal,
5122,zebra,
5123,zigzag,
5124,zinc,
5125,zip,
5126,zone,
5127,zoo,
5128,zoom,
